,index,DMS_id,total_number_mutants,estimated_min
0,0,NP_000007.1,2,4.5
1,1,NP_000008.1,1,2.25
2,2,NP_000009.1,4,9.0
3,3,NP_000010.1,4,9.0
4,4,NP_000011.2,6,13.5
5,5,NP_000012.1,5,11.25
6,6,NP_000017.1,1,2.25
7,7,NP_000018.2,1,2.25
8,8,NP_000021.1,5,11.25
9,9,NP_000024.2,6,13.5
10,10,NP_000026.2,3,6.75
11,11,NP_000032.1,1,2.25
12,12,NP_000034.1,1,2.25
13,13,NP_000035.2,4,9.0
14,14,NP_000037.2,1,2.25
15,15,NP_000038.2,1,2.25
16,16,NP_000042.3,7,15.749999999999998
17,17,NP_000043.4,2,4.5
18,18,NP_000044.2,4,9.0
19,19,NP_000045.1,3,6.75
20,20,NP_000048.1,2,4.5
21,21,NP_000050.3,3,6.75
22,22,NP_000052.1,3,6.75
23,23,NP_000053.2,3,6.75
24,24,NP_000061.1,2,4.5
25,25,NP_000068.1,2,4.5
26,26,NP_000071.1,3,6.75
27,27,NP_000073.1,1,2.25
28,28,NP_000074.3,1,2.25
29,29,NP_000079.2,4,9.0
30,30,NP_000080.2,5,11.25
31,31,NP_000081.2,3,6.75
32,32,NP_000082.2,2,4.5
33,33,NP_000083.3,1,2.25
34,34,NP_000084.3,3,6.75
35,35,NP_000085.1,1,2.25
36,36,NP_000086.2,9,20.25
37,37,NP_000089.1,1,2.25
38,38,NP_000093.1,4,9.0
39,39,NP_000095.2,1,2.25
40,40,NP_000102.1,2,4.5
41,41,NP_000103.2,2,4.5
42,42,NP_000104.1,1,2.25
43,43,NP_000117.1,2,4.5
44,44,NP_000118.2,1,2.25
45,45,NP_000119.1,1,2.25
46,46,NP_000123.1,3,6.75
47,47,NP_000126.2,8,18.0
48,48,NP_000129.3,16,36.0
49,49,NP_000132.3,5,11.25
50,50,NP_000134.2,6,13.5
51,51,NP_000135.2,1,2.25
52,52,NP_000142.2,2,4.5
53,53,NP_000143.2,7,15.749999999999998
54,54,NP_000144.2,2,4.5
55,55,NP_000146.2,2,4.5
56,56,NP_000148.2,1,2.25
57,57,NP_000152.1,2,4.5
58,58,NP_000153.1,2,4.5
59,59,NP_000156.1,3,6.75
60,60,NP_000157.1,1,2.25
61,61,NP_000160.1,6,13.5
62,62,NP_000161.2,3,6.75
63,63,NP_000169.1,1,2.25
64,64,NP_000170.1,8,18.0
65,65,NP_000177.2,1,2.25
66,66,NP_000184.1,3,6.75
67,67,NP_000187.3,2,4.5
68,68,NP_000188.1,1,2.25
69,69,NP_000193.1,3,6.75
70,70,NP_000194.2,4,9.0
71,71,NP_000197.1,1,2.25
72,72,NP_000199.2,1,2.25
73,73,NP_000203.2,1,2.25
74,74,NP_000206.2,2,4.5
75,75,NP_000209.2,6,13.5
76,76,NP_000213.1,6,13.5
77,77,NP_000220.1,2,4.5
78,78,NP_000223.1,1,2.25
79,79,NP_000224.2,1,2.25
80,80,NP_000226.2,2,4.5
81,81,NP_000229.1,3,6.75
82,82,NP_000237.2,1,2.25
83,83,NP_000240.1,14,31.499999999999996
84,84,NP_000242.1,6,13.5
85,85,NP_000243.1,4,9.0
86,86,NP_000246.2,4,9.0
87,87,NP_000247.2,2,4.5
88,88,NP_000248.2,12,27.0
89,89,NP_000251.3,8,18.0
90,90,NP_000252.1,2,4.5
91,91,NP_000255.2,6,13.5
92,92,NP_000257.1,1,2.25
93,93,NP_000259.1,1,2.25
94,94,NP_000262.2,6,13.5
95,95,NP_000265.1,1,2.25
96,96,NP_000266.2,1,2.25
97,97,NP_000267.2,1,2.25
98,98,NP_000268.1,8,18.0
99,99,NP_000269.3,1,2.25
100,100,NP_000273.2,1,2.25
101,101,NP_000275.1,3,6.75
102,102,NP_000276.2,1,2.25
103,103,NP_000277.1,2,4.5
104,104,NP_000282.1,1,2.25
105,105,NP_000283.1,5,11.25
106,106,NP_000286.3,1,2.25
107,107,NP_000288.1,2,4.5
108,108,NP_000289.1,1,2.25
109,109,NP_000292.1,1,2.25
110,110,NP_000293.2,1,2.25
111,111,NP_000301.1,1,2.25
112,112,NP_000305.3,5,11.25
113,113,NP_000308.1,1,2.25
114,114,NP_000311.2,1,2.25
115,115,NP_000312.2,1,2.25
116,116,NP_000313.2,10,22.5
117,117,NP_000320.1,1,2.25
118,118,NP_000325.4,3,6.75
119,119,NP_000326.2,6,13.5
120,120,NP_000333.1,1,2.25
121,121,NP_000339.2,1,2.25
122,122,NP_000341.2,8,18.0
123,123,NP_000349.1,1,2.25
124,124,NP_000350.1,2,4.5
125,125,NP_000351.2,1,2.25
126,126,NP_000354.4,1,2.25
127,127,NP_000359.1,2,4.5
128,128,NP_000362.1,2,4.5
129,129,NP_000363.1,3,6.75
130,130,NP_000371.1,1,2.25
131,131,NP_000372.1,1,2.25
132,132,NP_000373.1,1,2.25
133,133,NP_000375.3,1,2.25
134,134,NP_000381.1,1,2.25
135,135,NP_000382.3,1,2.25
136,136,NP_000388.2,2,4.5
137,137,NP_000389.1,3,6.75
138,138,NP_000391.1,2,4.5
139,139,NP_000395.3,2,4.5
140,140,NP_000396.2,1,2.25
141,141,NP_000401.1,1,2.25
142,142,NP_000410.2,4,9.0
143,143,NP_000413.1,1,2.25
144,144,NP_000417.3,1,2.25
145,145,NP_000423.2,1,2.25
146,146,NP_000424.2,1,2.25
147,147,NP_000430.3,1,2.25
148,148,NP_000432.1,2,4.5
149,149,NP_000435.3,3,6.75
150,150,NP_000442.1,1,2.25
151,151,NP_000446.1,2,4.5
152,152,NP_000449.1,1,2.25
153,153,NP_000454.1,1,2.25
154,154,NP_000457.1,1,2.25
155,155,NP_000465.1,1,2.25
156,156,NP_000467.1,1,2.25
157,157,NP_000468.1,1,2.25
158,158,NP_000469.3,4,9.0
159,159,NP_000476.1,3,6.75
160,160,NP_000478.3,2,4.5
161,161,NP_000479.1,5,11.25
162,162,NP_000480.3,1,2.25
163,163,NP_000481.2,2,4.5
164,164,NP_000483.3,8,18.0
165,165,NP_000484.2,1,2.25
166,166,NP_000485.3,1,2.25
167,167,NP_000489.3,3,6.75
168,168,NP_000497.1,1,2.25
169,169,NP_000498.2,1,2.25
170,170,NP_000499.1,1,2.25
171,171,NP_000503.1,1,2.25
172,172,NP_000507.1,5,11.25
173,173,NP_000508.1,2,4.5
174,174,NP_000509.1,4,9.0
175,175,NP_000511.2,2,4.5
176,176,NP_000512.2,1,2.25
177,177,NP_000517.3,2,4.5
178,178,NP_000518.1,31,69.75
179,179,NP_000521.2,3,6.75
180,180,NP_000522.3,2,4.5
181,181,NP_000523.2,2,4.5
182,182,NP_000524.3,1,2.25
183,183,NP_000526.2,1,2.25
184,184,NP_000527.2,1,2.25
185,185,NP_000528.1,1,2.25
186,186,NP_000530.1,1,2.25
187,187,NP_000531.2,3,6.75
188,188,NP_000534.3,1,2.25
189,189,NP_000536.6,3,6.75
190,190,NP_000537.3,7,15.749999999999998
191,191,NP_000539.2,10,22.5
192,192,NP_000542.1,4,9.0
193,193,NP_000543.3,8,18.0
194,194,NP_000608.1,1,2.25
195,195,NP_000633.2,1,2.25
196,196,NP_000711.1,1,2.25
197,197,NP_000735.1,1,2.25
198,198,NP_000738.2,1,2.25
199,199,NP_000772.2,1,2.25
200,200,NP_000780.1,2,4.5
201,201,NP_000808.2,1,2.25
202,202,NP_000866.1,1,2.25
203,203,NP_000882.1,2,4.5
204,204,NP_000885.1,1,2.25
205,205,NP_000890.1,1,2.25
206,206,NP_000912.3,1,2.25
207,207,NP_000925.2,1,2.25
208,208,NP_000928.1,2,4.5
209,209,NP_000966.2,1,2.25
210,210,NP_001001344.1,2,4.5
211,211,NP_001003694.1,1,2.25
212,212,NP_001003800.1,2,4.5
213,213,NP_001003891.1,6,13.5
214,214,NP_001004311.2,1,2.25
215,215,NP_001005273.1,1,2.25
216,216,NP_001009899.3,3,6.75
217,217,NP_001009944.3,18,40.5
218,218,NP_001012632.1,1,2.25
219,219,NP_001013.1,1,2.25
220,220,NP_001013861.1,1,2.25
221,221,NP_001015877.1,1,2.25
222,222,NP_001015880.1,1,2.25
223,223,NP_001018005.1,1,2.25
224,224,NP_001018125.1,1,2.25
225,225,NP_001019801.3,1,2.25
226,226,NP_001025067.1,3,6.75
227,227,NP_001026.2,5,11.25
228,228,NP_001026895.2,1,2.25
229,229,NP_001027392.1,8,18.0
230,230,NP_001027554.1,1,2.25
231,231,NP_001034680.2,2,4.5
232,232,NP_001035232.1,7,15.749999999999998
233,233,NP_001035526.1,1,2.25
234,234,NP_001035806.1,1,2.25
235,235,NP_001035937.1,1,2.25
236,236,NP_001035957.1,28,62.99999999999999
237,237,NP_001036167.1,1,2.25
238,238,NP_001041639.1,4,9.0
239,239,NP_001070833.1,2,4.5
240,240,NP_001071.1,3,6.75
241,241,NP_001073911.1,1,2.25
242,242,NP_001073936.1,1,2.25
243,243,NP_001076585.1,1,2.25
244,244,NP_001077083.1,1,2.25
245,245,NP_001077431.1,3,6.75
246,246,NP_001091.1,2,4.5
247,247,NP_001092.1,2,4.5
248,248,NP_001093327.1,2,4.5
249,249,NP_001094896.1,1,2.25
250,250,NP_001096034.1,1,2.25
251,251,NP_001098101.1,1,2.25
252,252,NP_001103348.1,1,2.25
253,253,NP_001103824.1,1,2.25
254,254,NP_001104026.1,3,6.75
255,255,NP_001104262.1,5,11.25
256,256,NP_001108225.1,4,9.0
257,257,NP_001116102.1,1,2.25
258,258,NP_001116427.1,1,2.25
259,259,NP_001116857.1,1,2.25
260,260,NP_001119580.2,1,2.25
261,261,NP_001120694.1,4,9.0
262,262,NP_001120864.1,1,2.25
263,263,NP_001121636.1,4,9.0
264,264,NP_001121697.2,1,2.25
265,265,NP_001123910.1,13,29.25
266,266,NP_001127879.1,2,4.5
267,267,NP_001128145.1,1,2.25
268,268,NP_001130.1,3,6.75
269,269,NP_001133.1,1,2.25
270,270,NP_001136256.1,1,2.25
271,271,NP_001136272.1,2,4.5
272,272,NP_001138830.1,1,2.25
273,273,NP_001153171.1,2,4.5
274,274,NP_001157749.1,1,2.25
275,275,NP_001159435.1,21,47.25
276,276,NP_001162.5,3,6.75
277,277,NP_001167560.1,1,2.25
278,278,NP_001167618.1,2,4.5
279,279,NP_001171809.1,1,2.25
280,280,NP_001174.2,2,4.5
281,281,NP_001177203.1,3,6.75
282,282,NP_001182482.1,4,9.0
283,283,NP_001184033.1,2,4.5
284,284,NP_001193908.1,1,2.25
285,285,NP_001193927.1,1,2.25
286,286,NP_001194.1,1,2.25
287,287,NP_001195.2,2,4.5
288,288,NP_001203.1,1,2.25
289,289,NP_001229825.1,2,4.5
290,290,NP_001230937.1,4,9.0
291,291,NP_001241.1,1,2.25
292,292,NP_001243.1,1,2.25
293,293,NP_001243000.2,2,4.5
294,294,NP_001243718.1,1,2.25
295,295,NP_001244025.1,1,2.25
296,296,NP_001245321.1,1,2.25
297,297,NP_001258822.1,1,2.25
298,298,NP_001258867.1,1,2.25
299,299,NP_001262.3,3,6.75
300,300,NP_001263274.1,3,6.75
301,301,NP_001264044.1,1,2.25
302,302,NP_001265441.1,1,2.25
303,303,NP_001265645.1,1,2.25
304,304,NP_001268669.1,1,2.25
305,305,NP_001269154.1,1,2.25
306,306,NP_001269646.1,1,2.25
307,307,NP_001269938.1,1,2.25
308,308,NP_001278344.1,1,2.25
309,309,NP_001289.1,1,2.25
310,310,NP_001299838.1,1,2.25
311,311,NP_001308049.1,1,2.25
312,312,NP_001310218.1,2,4.5
313,313,NP_001317217.1,1,2.25
314,314,NP_001317629.1,1,2.25
315,315,NP_001334650.1,3,6.75
316,316,NP_001336813.1,2,4.5
317,317,NP_001340274.1,1,2.25
318,318,NP_001341533.1,1,2.25
319,319,NP_001341569.1,1,2.25
320,320,NP_001341641.1,2,4.5
321,321,NP_001346945.1,6,13.5
322,322,NP_001347.3,7,15.749999999999998
323,323,NP_001350047.1,1,2.25
324,324,NP_001351.2,1,2.25
325,325,NP_001352017.1,1,2.25
326,326,NP_001352465.1,1,2.25
327,327,NP_001352928.1,1,2.25
328,328,NP_001353314.1,1,2.25
329,329,NP_001354.1,1,2.25
330,330,NP_001354650.1,2,4.5
331,331,NP_001355823.1,2,4.5
332,332,NP_001357029.1,1,2.25
333,333,NP_001357188.2,4,9.0
334,334,NP_001357524.1,1,2.25
335,335,NP_001357587.1,1,2.25
336,336,NP_001360.1,1,2.25
337,337,NP_001361282.1,1,2.25
338,338,NP_001361314.1,2,4.5
339,339,NP_001361433.1,1,2.25
340,340,NP_001361552.1,1,2.25
341,341,NP_001361757.1,1,2.25
342,342,NP_001362309.1,3,6.75
343,343,NP_001364194.1,1,2.25
344,344,NP_001365112.1,1,2.25
345,345,NP_001365381.1,2,4.5
346,346,NP_001365383.1,1,2.25
347,347,NP_001365544.1,1,2.25
348,348,NP_001365898.1,1,2.25
349,349,NP_001365958.1,1,2.25
350,350,NP_001366039.1,3,6.75
351,351,NP_001366220.1,1,2.25
352,352,NP_001366332.1,1,2.25
353,353,NP_001366539.1,1,2.25
354,354,NP_001367.2,1,2.25
355,355,NP_001368.2,3,6.75
356,356,NP_001371839.1,2,4.5
357,357,NP_001373322.1,2,4.5
358,358,NP_001405.1,1,2.25
359,359,NP_001420.2,3,6.75
360,360,NP_001444.2,5,11.25
361,361,NP_001483.3,1,2.25
362,362,NP_001646.2,1,2.25
363,363,NP_001664.3,1,2.25
364,364,NP_001684.2,1,2.25
365,365,NP_001724.4,2,4.5
366,366,NP_001725.1,1,2.25
367,367,NP_001796.2,1,2.25
368,368,NP_001805.4,1,2.25
369,369,NP_001835.3,12,27.0
370,370,NP_001839.2,3,6.75
371,371,NP_001840.3,1,2.25
372,372,NP_001845.3,3,6.75
373,373,NP_001866.2,2,4.5
374,374,NP_001867.2,1,2.25
375,375,NP_001877.1,1,2.25
376,376,NP_001895.1,1,2.25
377,377,NP_001900.1,1,2.25
378,378,NP_001918.3,5,11.25
379,379,NP_001922.2,1,2.25
380,380,NP_001944.1,3,6.75
381,381,NP_001963.1,1,2.25
382,382,NP_001978.1,1,2.25
383,383,NP_001990.2,1,2.25
384,384,NP_002026.1,1,2.25
385,385,NP_002058.2,1,2.25
386,386,NP_002060.4,1,2.25
387,387,NP_002065.1,1,2.25
388,388,NP_002066.1,1,2.25
389,389,NP_002070.1,1,2.25
390,390,NP_002071.2,1,2.25
391,391,NP_002100.2,2,4.5
392,392,NP_002172.2,2,4.5
393,393,NP_002221.1,1,2.25
394,394,NP_002231.1,1,2.25
395,395,NP_002263.3,2,4.5
396,396,NP_002372.1,1,2.25
397,397,NP_002428.1,1,2.25
398,398,NP_002440.2,1,2.25
399,399,NP_002445.2,1,2.25
400,400,NP_002459.3,1,2.25
401,401,NP_002461.2,4,9.0
402,402,NP_002464.1,1,2.25
403,403,NP_002476.2,1,2.25
404,404,NP_002523.2,1,2.25
405,405,NP_002537.3,1,2.25
406,406,NP_002600.1,3,6.75
407,407,NP_002606.3,1,2.25
408,408,NP_002626.1,1,2.25
409,409,NP_002632.1,1,2.25
410,410,NP_002668.1,1,2.25
411,411,NP_002682.2,1,2.25
412,412,NP_002684.1,3,6.75
413,413,NP_002706.1,1,2.25
414,414,NP_002721.1,1,2.25
415,415,NP_002730.1,1,2.25
416,416,NP_002736.3,1,2.25
417,417,NP_002746.1,2,4.5
418,418,NP_002769.1,2,4.5
419,419,NP_002779.1,1,2.25
420,420,NP_002787.2,1,2.25
421,421,NP_002825.3,3,6.75
422,422,NP_002829.3,1,2.25
423,423,NP_002878.2,1,2.25
424,424,NP_002896.2,1,2.25
425,425,NP_002991.2,1,2.25
426,426,NP_002993.1,4,9.0
427,427,NP_003033.3,2,4.5
428,428,NP_003051.1,2,4.5
429,429,NP_003063.2,3,6.75
430,430,NP_003064.2,2,4.5
431,431,NP_003065.3,1,2.25
432,432,NP_003110.1,2,4.5
433,433,NP_003117.2,2,4.5
434,434,NP_003127.1,1,2.25
435,435,NP_003163.1,2,4.5
436,436,NP_003273.1,2,4.5
437,437,NP_003280.2,5,11.25
438,438,NP_003292.1,1,2.25
439,439,NP_003313.3,1,2.25
440,440,NP_003327.2,1,2.25
441,441,NP_003352.2,2,4.5
442,442,NP_003385.2,1,2.25
443,443,NP_003403.2,1,2.25
444,444,NP_003404.1,1,2.25
445,445,NP_003459.2,1,2.25
446,446,NP_003473.3,3,6.75
447,447,NP_003551.2,1,2.25
448,448,NP_003562.1,1,2.25
449,449,NP_003592.3,1,2.25
450,450,NP_003602.1,1,2.25
451,451,NP_003713.3,5,11.25
452,452,NP_003733.2,1,2.25
453,453,NP_003784.2,1,2.25
454,454,NP_003892.2,1,2.25
455,455,NP_003910.1,1,2.25
456,456,NP_003912.1,1,2.25
457,457,NP_003928.1,1,2.25
458,458,NP_003968.3,1,2.25
459,459,NP_003973.3,1,2.25
460,460,NP_003986.2,1,2.25
461,461,NP_003995.2,4,9.0
462,462,NP_003997.2,4,9.0
463,463,NP_004077.1,1,2.25
464,464,NP_004110.2,4,9.0
465,465,NP_004125.3,1,2.25
466,466,NP_004161.4,1,2.25
467,467,NP_004165.2,1,2.25
468,468,NP_004167.3,1,2.25
469,469,NP_004174.1,2,4.5
470,470,NP_004195.2,1,2.25
471,471,NP_004199.1,1,2.25
472,472,NP_004205.2,1,2.25
473,473,NP_004251.4,2,4.5
474,474,NP_004278.2,1,2.25
475,475,NP_004300.1,1,2.25
476,476,NP_004320.2,1,2.25
477,477,NP_004324.2,6,13.5
478,478,NP_004351.1,1,2.25
479,479,NP_004355.2,2,4.5
480,480,NP_004357.3,1,2.25
481,481,NP_004360.2,2,4.5
482,482,NP_004371.2,5,11.25
483,483,NP_004399.2,3,6.75
484,484,NP_004406.2,1,2.25
485,485,NP_004420.1,1,2.25
486,486,NP_004439.2,5,11.25
487,487,NP_004444.2,2,4.5
488,488,NP_004447.2,2,4.5
489,489,NP_004454.2,1,2.25
490,490,NP_004513.1,1,2.25
491,491,NP_004514.2,1,2.25
492,492,NP_004521.1,2,4.5
493,493,NP_004535.1,1,2.25
494,494,NP_004553.2,1,2.25
495,495,NP_004577.1,6,13.5
496,496,NP_004585.1,3,6.75
497,497,NP_004594.1,2,4.5
498,498,NP_004599.2,1,2.25
499,499,NP_004603.1,4,9.0
500,500,NP_004605.4,1,2.25
501,501,NP_004620.1,1,2.25
502,502,NP_004634.1,3,6.75
503,503,NP_004637.1,2,4.5
504,504,NP_004691.2,2,4.5
505,505,NP_004718.1,1,2.25
506,506,NP_004735.2,1,2.25
507,507,NP_004804.2,2,4.5
508,508,NP_004809.2,1,2.25
509,509,NP_004813.2,1,2.25
510,510,NP_004850.1,2,4.5
511,511,NP_004874.1,2,4.5
512,512,NP_004915.2,1,2.25
513,513,NP_004928.2,2,4.5
514,514,NP_004950.2,1,2.25
515,515,NP_004961.1,1,2.25
516,516,NP_004965.1,1,2.25
517,517,NP_004975.2,1,2.25
518,518,NP_004976.2,3,6.75
519,519,NP_004981.2,1,2.25
520,520,NP_004997.4,2,4.5
521,521,NP_005043.1,1,2.25
522,522,NP_005046.2,1,2.25
523,523,NP_005145.3,1,2.25
524,524,NP_005148.2,1,2.25
525,525,NP_005150.1,1,2.25
526,526,NP_005177.2,1,2.25
527,527,NP_005179.2,2,4.5
528,528,NP_005190.4,2,4.5
529,529,NP_005199.2,2,4.5
530,530,NP_005219.2,9,20.25
531,531,NP_005240.3,1,2.25
532,532,NP_005324.3,1,2.25
533,533,NP_005334.1,1,2.25
534,534,NP_005339.3,1,2.25
535,535,NP_005350.1,1,2.25
536,536,NP_005369.2,1,2.25
537,537,NP_005436.1,7,15.749999999999998
538,538,NP_005467.1,2,4.5
539,539,NP_005493.2,1,2.25
540,540,NP_005525.2,1,2.25
541,541,NP_005526.1,1,2.25
542,542,NP_005535.1,1,2.25
543,543,NP_005545.1,2,4.5
544,544,NP_005546.2,1,2.25
545,545,NP_005548.2,1,2.25
546,546,NP_005576.3,1,2.25
547,547,NP_005600.1,4,9.0
548,548,NP_005620.1,4,9.0
549,549,NP_005624.2,1,2.25
550,550,NP_005630.1,2,4.5
551,551,NP_005645.1,2,4.5
552,552,NP_005651.1,4,9.0
553,553,NP_005786.1,1,2.25
554,554,NP_005850.1,5,11.25
555,555,NP_005852.2,2,4.5
556,556,NP_005893.1,1,2.25
557,557,NP_005948.3,1,2.25
558,558,NP_005951.1,1,2.25
559,559,NP_005952.2,1,2.25
560,560,NP_005973.1,1,2.25
561,561,NP_005975.1,1,2.25
562,562,NP_005996.2,8,18.0
563,563,NP_006000.2,1,2.25
564,564,NP_006006.3,1,2.25
565,565,NP_006010.2,3,6.75
566,566,NP_006022.3,1,2.25
567,567,NP_006054.2,2,4.5
568,568,NP_006197.1,3,6.75
569,569,NP_006205.1,1,2.25
570,570,NP_006209.2,3,6.75
571,571,NP_006227.1,1,2.25
572,572,NP_006236.1,1,2.25
573,573,NP_006256.1,1,2.25
574,574,NP_006261.1,1,2.25
575,575,NP_006297.2,5,11.25
576,576,NP_006336.3,1,2.25
577,577,NP_006339.4,2,4.5
578,578,NP_006403.2,1,2.25
579,579,NP_006406.1,1,2.25
580,580,NP_006436.3,1,2.25
581,581,NP_006493.1,1,2.25
582,582,NP_006505.4,1,2.25
583,583,NP_006507.2,8,18.0
584,584,NP_006508.2,1,2.25
585,585,NP_006556.1,1,2.25
586,586,NP_006570.1,3,6.75
587,587,NP_006584.1,1,2.25
588,588,NP_006746.1,1,2.25
589,589,NP_006763.2,2,4.5
590,590,NP_006867.1,1,2.25
591,591,NP_008816.3,5,11.25
592,592,NP_008818.3,1,2.25
593,593,NP_008846.2,3,6.75
594,594,NP_008853.3,1,2.25
595,595,NP_008872.1,1,2.25
596,596,NP_008877.2,2,4.5
597,597,NP_008880.2,1,2.25
598,598,NP_009060.2,2,4.5
599,599,NP_009167.1,1,2.25
600,600,NP_009185.2,1,2.25
601,601,NP_009193.2,1,2.25
602,602,NP_009225.1,7,15.749999999999998
603,603,NP_015564.5,2,4.5
604,604,NP_015566.1,2,4.5
605,605,NP_036192.2,1,2.25
606,606,NP_036286.2,1,2.25
607,607,NP_036325.2,2,4.5
608,608,NP_036345.2,1,2.25
609,609,NP_036382.2,2,4.5
610,610,NP_036470.1,1,2.25
611,611,NP_036546.2,2,4.5
612,612,NP_036601.2,1,2.25
613,613,NP_037379.1,1,2.25
614,614,NP_037386.1,1,2.25
615,615,NP_037397.2,1,2.25
616,616,NP_037398.2,1,2.25
617,617,NP_037407.4,1,2.25
618,618,NP_037471.2,1,2.25
619,619,NP_054728.2,2,4.5
620,620,NP_054859.2,1,2.25
621,621,NP_054860.1,1,2.25
622,622,NP_055023.2,4,9.0
623,623,NP_055047.2,1,2.25
624,624,NP_055064.1,2,4.5
625,625,NP_055067.1,1,2.25
626,626,NP_055085.1,1,2.25
627,627,NP_055086.1,1,2.25
628,628,NP_055105.2,1,2.25
629,629,NP_055149.3,1,2.25
630,630,NP_055177.2,1,2.25
631,631,NP_055178.3,1,2.25
632,632,NP_055331.1,2,4.5
633,633,NP_055400.1,1,2.25
634,634,NP_055440.1,2,4.5
635,635,NP_055542.1,1,2.25
636,636,NP_055595.2,1,2.25
637,637,NP_055637.2,1,2.25
638,638,NP_055690.1,1,2.25
639,639,NP_055761.2,7,15.749999999999998
640,640,NP_055790.1,2,4.5
641,641,NP_055861.3,1,2.25
642,642,NP_055907.3,1,2.25
643,643,NP_056110.2,1,2.25
644,644,NP_056145.5,2,4.5
645,645,NP_056161.2,1,2.25
646,646,NP_056183.2,1,2.25
647,647,NP_056280.2,1,2.25
648,648,NP_056321.2,2,4.5
649,649,NP_056414.1,1,2.25
650,650,NP_056444.3,2,4.5
651,651,NP_056477.1,1,2.25
652,652,NP_056496.1,1,2.25
653,653,NP_056528.2,2,4.5
654,654,NP_056993.2,2,4.5
655,655,NP_056999.2,2,4.5
656,656,NP_057006.1,1,2.25
657,657,NP_057088.2,1,2.25
658,658,NP_057119.3,1,2.25
659,659,NP_057122.2,1,2.25
660,660,NP_057206.2,1,2.25
661,661,NP_057264.4,1,2.25
662,662,NP_057287.2,1,2.25
663,663,NP_057323.3,1,2.25
664,664,NP_057353.1,2,4.5
665,665,NP_057425.3,1,2.25
666,666,NP_057490.2,1,2.25
667,667,NP_057501.2,1,2.25
668,668,NP_057688.3,1,2.25
669,669,NP_057737.2,1,2.25
670,670,NP_059830.1,1,2.25
671,671,NP_060083.1,1,2.25
672,672,NP_060087.3,2,4.5
673,673,NP_060119.3,2,4.5
674,674,NP_060137.2,1,2.25
675,675,NP_060141.3,1,2.25
676,676,NP_060206.2,1,2.25
677,677,NP_060227.2,1,2.25
678,678,NP_060247.2,2,4.5
679,679,NP_060295.1,1,2.25
680,680,NP_060334.2,1,2.25
681,681,NP_060352.1,3,6.75
682,682,NP_060387.2,2,4.5
683,683,NP_060416.1,1,2.25
684,684,NP_060420.2,1,2.25
685,685,NP_060476.2,1,2.25
686,686,NP_060521.4,1,2.25
687,687,NP_060533.2,1,2.25
688,688,NP_060552.4,1,2.25
689,689,NP_060575.1,1,2.25
690,690,NP_060597.4,1,2.25
691,691,NP_060767.2,1,2.25
692,692,NP_060876.5,2,4.5
693,693,NP_060914.2,1,2.25
694,694,NP_060921.3,1,2.25
695,695,NP_060956.1,1,2.25
696,696,NP_061154.1,1,2.25
697,697,NP_061183.2,1,2.25
698,698,NP_061193.2,1,2.25
699,699,NP_061496.2,1,2.25
700,700,NP_061764.2,1,2.25
701,701,NP_061820.1,1,2.25
702,702,NP_061971.3,1,2.25
703,703,NP_063945.2,1,2.25
704,704,NP_065175.4,1,2.25
705,705,NP_065184.2,2,4.5
706,706,NP_065394.1,1,2.25
707,707,NP_065712.1,1,2.25
708,708,NP_065789.1,1,2.25
709,709,NP_065796.2,1,2.25
710,710,NP_065822.2,1,2.25
711,711,NP_065851.1,1,2.25
712,712,NP_066124.1,3,6.75
713,713,NP_066192.1,1,2.25
714,714,NP_066268.1,2,4.5
715,715,NP_066285.1,1,2.25
716,716,NP_066288.2,1,2.25
717,717,NP_067075.1,1,2.25
718,718,NP_067627.3,1,2.25
719,719,NP_067638.3,1,2.25
720,720,NP_067641.2,1,2.25
721,721,NP_068741.1,1,2.25
722,722,NP_068758.3,1,2.25
723,723,NP_071372.1,1,2.25
724,724,NP_071384.1,1,2.25
725,725,NP_071407.4,2,4.5
726,726,NP_071415.1,1,2.25
727,727,NP_071900.2,4,9.0
728,728,NP_071908.2,1,2.25
729,729,NP_071934.3,2,4.5
730,730,NP_072046.2,1,2.25
731,731,NP_075044.2,1,2.25
732,732,NP_075555.1,1,2.25
733,733,NP_075598.2,1,2.25
734,734,NP_076872.1,1,2.25
735,735,NP_076932.1,1,2.25
736,736,NP_077277.1,1,2.25
737,737,NP_077288.2,1,2.25
738,738,NP_077744.4,1,2.25
739,739,NP_078853.2,1,2.25
740,740,NP_078916.3,1,2.25
741,741,NP_078941.2,4,9.0
742,742,NP_078961.3,2,4.5
743,743,NP_079033.4,2,4.5
744,744,NP_079093.2,1,2.25
745,745,NP_079130.2,1,2.25
746,746,NP_079265.2,2,4.5
747,747,NP_079375.3,1,2.25
748,748,NP_079483.3,1,2.25
749,749,NP_079495.1,1,2.25
750,750,NP_079519.1,1,2.25
751,751,NP_079541.1,1,2.25
752,752,NP_085911.2,1,2.25
753,753,NP_109587.1,1,2.25
754,754,NP_110426.4,1,2.25
755,755,NP_112506.2,1,2.25
756,756,NP_112553.1,1,2.25
757,757,NP_112586.1,1,2.25
758,758,NP_113584.3,1,2.25
759,759,NP_113663.2,1,2.25
760,760,NP_114032.2,2,4.5
761,761,NP_115501.2,1,2.25
762,762,NP_115785.1,1,2.25
763,763,NP_115791.3,1,2.25
764,764,NP_115909.1,1,2.25
765,765,NP_116027.2,2,4.5
766,766,NP_116250.3,2,4.5
767,767,NP_149078.1,1,2.25
768,768,NP_203123.1,1,2.25
769,769,NP_203524.1,2,4.5
770,770,NP_203699.1,4,9.0
771,771,NP_338599.1,2,4.5
772,772,NP_443077.1,2,4.5
773,773,NP_443106.1,2,4.5
774,774,NP_443715.1,1,2.25
775,775,NP_444504.1,1,2.25
776,776,NP_473368.1,3,6.75
777,777,NP_477352.3,1,2.25
778,778,NP_510965.1,1,2.25
779,779,NP_542172.2,1,2.25
780,780,NP_542411.2,1,2.25
781,781,NP_570850.2,1,2.25
782,782,NP_570854.1,8,18.0
783,783,NP_573566.2,2,4.5
784,784,NP_597677.2,11,24.750000000000004
785,785,NP_598004.1,1,2.25
786,786,NP_612396.1,1,2.25
787,787,NP_612422.2,2,4.5
788,788,NP_612486.2,1,2.25
789,789,NP_620130.2,1,2.25
790,790,NP_620596.2,1,2.25
791,791,NP_644805.1,1,2.25
792,792,NP_653197.2,1,2.25
793,793,NP_658985.2,1,2.25
794,794,NP_659434.2,4,9.0
795,795,NP_660208.2,2,4.5
796,796,NP_660289.2,1,2.25
797,797,NP_663304.1,4,9.0
798,798,NP_689476.2,2,4.5
799,799,NP_689509.1,5,11.25
800,800,NP_689777.3,1,2.25
801,801,NP_689831.2,1,2.25
802,802,NP_689945.2,1,2.25
803,803,NP_694950.2,1,2.25
804,804,NP_694972.3,3,6.75
805,805,NP_710156.3,1,2.25
806,806,NP_714915.3,1,2.25
807,807,NP_714928.1,1,2.25
808,808,NP_733751.2,1,2.25
809,809,NP_733765.1,1,2.25
810,810,NP_733775.1,1,2.25
811,811,NP_733821.1,9,20.25
812,812,NP_742105.1,8,18.0
813,813,NP_758440.1,1,2.25
814,814,NP_775109.2,1,2.25
815,815,NP_775931.3,1,2.25
816,816,NP_777367.1,1,2.25
817,817,NP_787110.2,2,4.5
818,818,NP_789794.1,2,4.5
819,819,NP_796376.2,1,2.25
820,820,NP_803187.1,3,6.75
821,821,NP_808592.2,2,4.5
822,822,NP_835361.1,1,2.25
823,823,NP_835464.1,1,2.25
824,824,NP_849191.3,1,2.25
825,825,NP_851564.1,1,2.25
826,826,NP_852091.1,1,2.25
827,827,NP_852259.1,1,2.25
828,828,NP_852608.1,1,2.25
829,829,NP_852664.1,6,13.5
830,830,NP_859056.2,1,2.25
831,831,NP_872282.1,1,2.25
832,832,NP_877435.3,1,2.25
833,833,NP_891555.2,1,2.25
834,834,NP_898888.1,1,2.25
835,835,NP_899058.1,1,2.25
836,836,NP_899200.1,1,2.25
837,837,NP_919224.1,2,4.5
838,838,NP_919231.1,1,2.25
839,839,NP_919253.1,2,4.5
840,840,NP_938148.1,1,2.25
841,841,NP_940908.3,1,2.25
842,842,NP_940927.2,1,2.25
843,843,NP_944494.1,1,2.25
844,844,NP_945345.2,1,2.25
845,845,NP_954712.1,1,2.25
846,846,NP_955631.1,1,2.25
847,847,NP_957705.1,4,9.0
848,848,NP_958780.1,1,2.25
849,849,NP_958786.1,1,2.25
850,850,NP_976035.1,1,2.25
851,851,NP_981932.1,1,2.25
852,852,NP_982301.1,1,2.25
853,853,NP_991331.1,1,2.25
854,854,NP_996816.3,7,15.749999999999998
855,855,NP_996820.1,1,2.25
856,856,NP_997244.4,1,2.25
857,857,NP_997717.2,1,2.25
858,858,UPI0000125CAE,1,2.25
859,859,UPI000013C672,1,2.25
860,860,UPI000035AA82,1,2.25
861,861,UPI00001D7B55,1,2.25
862,862,UPI000059D713,1,2.25
863,863,UPI0000246EE9,2,4.5
864,864,UPI000003C716,1,2.25
865,865,UPI0001D3B05C,1,2.25
866,866,UPI000003C48A,1,2.25
867,867,UPI0000206D91,1,2.25
868,868,UPI00000721F7,1,2.25
869,869,UPI000192952A,2,4.5
870,870,UPI000006EC9A,1,2.25
871,871,UPI00000726A9,1,2.25
872,872,UPI000173A2B0,1,2.25
873,873,UPI0000D62424,1,2.25
874,874,UPI000022DC3D,1,2.25
875,875,UPI000006DE38,1,2.25
876,876,UPI0000033466,1,2.25
877,877,UPI000020E761,1,2.25
878,878,UPI000013F0A1,1,2.25
879,879,UPI0000129A56,1,2.25
880,880,UPI000013E95E,1,2.25
881,881,UPI0000EA87E6,3,6.75
882,882,UPI000020E4D9,1,2.25
883,883,UPI0000072D37,1,2.25
884,884,UPI000059D6C5,1,2.25
885,885,UPI00001D7B9E,1,2.25
886,886,UPI0000D61A6B,1,2.25
887,887,UPI000041A715,1,2.25
888,888,UPI0000001BCE,1,2.25
889,889,UPI0001B79057,1,2.25
890,890,UPI000006D1F4,1,2.25
891,891,UPI00015FA087,2,4.5
892,892,UPI000047099D,2,4.5
893,893,UPI000000D866,1,2.25
894,894,UPI0000DBEE85,2,4.5
895,895,UPI000000DCCB,1,2.25
896,896,UPI000013C495,1,2.25
897,897,UPI000016A402,1,2.25
898,898,UPI00001AE452,1,2.25
899,899,UPI0000070A05,1,2.25
900,900,UPI000013C9CD,2,4.5
901,901,UPI000004F239,1,2.25
902,902,UPI0000129FBA,1,2.25
903,903,UPI0000141B94,1,2.25
904,904,UPI000046D388,1,2.25
905,905,UPI00001AEF8F,1,2.25
906,906,UPI000013ECF6,1,2.25
907,907,UPI0000061E6E,1,2.25
908,908,UPI00001FD815,1,2.25
909,909,UPI0000236D8A,1,2.25
910,910,UPI0000237947,1,2.25
911,911,UPI0000367804,1,2.25
912,912,UPI00006C069B,1,2.25
913,913,UPI000013DBF5,1,2.25
914,914,UPI00015CE746,1,2.25
915,915,UPI0000EE57E0,1,2.25
916,916,UPI000013E9AB,2,4.5
917,917,UPI0000070847,1,2.25
918,918,UPI000044CC1A,1,2.25
919,919,UPI0000036166,1,2.25
920,920,UPI000015FC7D,1,2.25
921,921,UPI0000061EA8,1,2.25
922,922,UPI000014083E,1,2.25
923,923,UPI000012CF7F,1,2.25
924,924,UPI000006EEBC,1,2.25
925,925,UPI000003117A,1,2.25
926,926,UPI0000D61701,2,4.5
927,927,UPI000003777D,1,2.25
928,928,UPI000000165C,1,2.25
929,929,UPI000013D46D,1,2.25
930,930,UPI0000132189,1,2.25
931,931,UPI000012ADCB,1,2.25
932,932,UPI000013E315,1,2.25
933,933,UPI00001402C1,1,2.25
934,934,UPI0000237200,1,2.25
935,935,UPI000013E1E1,1,2.25
936,936,UPI0000186945,1,2.25
937,937,UPI000013D6EF,1,2.25
938,938,UPI00015DF949,2,4.5
939,939,UPI0000072854,1,2.25
940,940,UPI00003E5903,1,2.25
941,941,UPI000015D1F5,1,2.25
942,942,UPI000013EA48,1,2.25
943,943,UPI0000137929,1,2.25
944,944,UPI00001983C7,1,2.25
945,945,UPI000022AA0A,1,2.25
946,946,UPI000013D193,1,2.25
947,947,UPI000006CD59,1,2.25
948,948,UPI000006DC1A,2,4.5
949,949,UPI00001AEEF8,1,2.25
950,950,UPI0000D61944,1,2.25
951,951,UPI0000127786,1,2.25
952,952,UPI0000458963,1,2.25
953,953,UPI0000458979,1,2.25
954,954,UPI000041EA63,1,2.25
955,955,UPI0000D4C11A,2,4.5
956,956,UPI0000135F21,5,11.25
957,957,UPI00006EB135,1,2.25
958,958,UPI00003667EB,3,6.75
959,959,UPI000020198E,1,2.25
960,960,UPI00001C1FC7,1,2.25
961,961,UPI00005C3036,1,2.25
962,962,UPI0001E92A31,1,2.25
963,963,UPI00001D7CA5,1,2.25
964,964,UPI00004DDA7C,1,2.25
965,965,UPI000013C519,1,2.25
966,966,UPI000015FEF2,1,2.25
967,967,UPI000012500C,1,2.25
968,968,UPI000204AD4D,1,2.25
969,969,UPI000013D247,1,2.25
970,970,UPI000012ECF8,1,2.25
971,971,UPI0000167B81,1,2.25
972,972,UPI000013EF3A,1,2.25
973,973,UPI000046FEDB,1,2.25
974,974,UPI000007007F,3,6.75
975,975,UPI0001D3B409,1,2.25
976,976,UPI00001BD8AE,1,2.25
977,977,UPI00015ADD19,1,2.25
978,978,UPI00001604C8,1,2.25
979,979,UPI00005956CD,1,2.25
980,980,UPI0000071CBA,1,2.25
981,981,UPI000013E29D,1,2.25
982,982,UPI000003F57A,1,2.25
983,983,UPI0000160243,1,2.25
984,984,UPI0001F784C6,2,4.5
985,985,UPI00004708E6,2,4.5
986,986,UPI00001AE6F8,3,6.75
987,987,UPI000013F990,1,2.25
988,988,UPI000156FA8B,1,2.25
989,989,UPI00001FF5EB,2,4.5
990,990,UPI00016632FD,1,2.25
991,991,UPI0000199CEF,1,2.25
992,992,UPI00021CF38C,1,2.25
993,993,UPI000013D80E,1,2.25
994,994,UPI000013D6CB,1,2.25
995,995,UPI000013D7E3,1,2.25
996,996,UPI000013CCDF,1,2.25
997,997,UPI00000503E3,1,2.25
998,998,UPI000006D8B0,3,6.75
999,999,UPI0001B794AD,1,2.25
1000,1000,UPI000007413A,1,2.25
1001,1001,UPI000012CF8B,1,2.25
1002,1002,UPI000020A0AE,1,2.25
1003,1003,UPI00001323E1,1,2.25
1004,1004,UPI0000136846,1,2.25
1005,1005,UPI00000742DC,1,2.25
1006,1006,UPI0000203ED6,1,2.25
1007,1007,UPI000178DEEC,1,2.25
1008,1008,UPI000045725F,1,2.25
1009,1009,UPI00033351D1,1,2.25
1010,1010,UPI00001D8160,1,2.25
1011,1011,UPI0000038CE3,1,2.25
1012,1012,UPI0000070D27,1,2.25
1013,1013,UPI0001B79456,1,2.25
1014,1014,UPI00002021CA,1,2.25
1015,1015,UPI000013CD7C,1,2.25
1016,1016,UPI0000071891,1,2.25
1017,1017,UPI000013D6B1,1,2.25
1018,1018,UPI000013DEA0,2,4.5
1019,1019,UPI000000D799,1,2.25
1020,1020,UPI000013C5D0,1,2.25
1021,1021,UPI000013C34D,1,2.25
1022,1022,UPI00000743C2,1,2.25
1023,1023,UPI0000000A01,1,2.25
1024,1024,UPI000013C6CB,1,2.25
1025,1025,UPI00001B4EFC,5,11.25
1026,1026,UPI00001FDCF7,1,2.25
1027,1027,UPI00002263B3,1,2.25
1028,1028,UPI0000197460,2,4.5
1029,1029,UPI000013E592,2,4.5
1030,1030,UPI00004DDD95,1,2.25
1031,1031,UPI0000D616C3,1,2.25
1032,1032,UPI0000129B6F,1,2.25
1033,1033,UPI00004588F6,1,2.25
1034,1034,UPI000035B018,1,2.25
1035,1035,UPI0000071C18,1,2.25
1036,1036,UPI00001C1EF8,1,2.25
1037,1037,UPI0000405B22,1,2.25
1038,1038,UPI000012B3DF,1,2.25
1039,1039,UPI000006FBBD,1,2.25
1040,1040,UPI0000161087,1,2.25
1041,1041,UPI000020630A,2,4.5
1042,1042,UPI00003D7962,1,2.25
1043,1043,UPI000020E164,1,2.25
1044,1044,UPI00000738BA,3,6.75
1045,1045,UPI0001B300F3,4,9.0
1046,1046,UPI00004193C9,1,2.25
1047,1047,UPI000013D01B,1,2.25
1048,1048,UPI0000366BAD,2,4.5
1049,1049,UPI000012DA10,1,2.25
1050,1050,UPI0001E8F4C1,1,2.25
1051,1051,UPI0002A47099,1,2.25
1052,1052,UPI0002840CC6,1,2.25
1053,1053,UPI0000160791,1,2.25
1054,1054,UPI000041A871,1,2.25
1055,1055,UPI000049DE26,2,4.5
1056,1056,UPI000012DC9B,1,2.25
1057,1057,UPI000013FD3E,1,2.25
1058,1058,UPI00004191D3,1,2.25
1059,1059,UPI0000359605,1,2.25
1060,1060,UPI000013CC65,1,2.25
1061,1061,UPI00001B03C6,1,2.25
1062,1062,UPI000059DB31,1,2.25
1063,1063,UPI0000E5AEF3,1,2.25
1064,1064,UPI000155B91C,1,2.25
1065,1065,UPI000013E535,1,2.25
1066,1066,UPI0001B3CB30,3,6.75
1067,1067,UPI0002064E1F,1,2.25
1068,1068,UPI0000132184,1,2.25
1069,1069,UPI0000141565,3,6.75
1070,1070,UPI0001711D28,2,4.5
1071,1071,UPI000059D669,1,2.25
1072,1072,UPI000012DDC2,1,2.25
1073,1073,UPI000013E37F,1,2.25
1074,1074,UPI00000557D8,1,2.25
1075,1075,UPI000007206C,1,2.25
1076,1076,UPI00000723B9,1,2.25
1077,1077,UPI000013C350,1,2.25
1078,1078,UPI00001301E8,2,4.5
1079,1079,UPI0000198666,3,6.75
1080,1080,UPI000013E667,1,2.25
1081,1081,UPI0000212176,1,2.25
1082,1082,UPI00001615E1,1,2.25
1083,1083,UPI0000197DF0,1,2.25
1084,1084,UPI00003519AE,1,2.25
1085,1085,UPI00001279CC,1,2.25
1086,1086,UPI000006F3AC,1,2.25
1087,1087,UPI000040C55F,1,2.25
1088,1088,UPI00001AE729,1,2.25
1089,1089,UPI0000DA182F,1,2.25
1090,1090,UPI0000E5ADF3,1,2.25
1091,1091,UPI0001D0434B,2,4.5
1092,1092,UPI0001662AC1,1,2.25
1093,1093,UPI000011785A,1,2.25
1094,1094,UPI0001837EA2,2,4.5
1095,1095,UPI00001320B0,2,4.5
1096,1096,UPI0000052A8C,1,2.25
1097,1097,UPI00021CF3CC,1,2.25
1098,1098,UPI000002B371,1,2.25
1099,1099,UPI0002840938,1,2.25
1100,1100,UPI0001747A7C,1,2.25
1101,1101,UPI0001C0B37D,1,2.25
1102,1102,UPI0000136B58,1,2.25
1103,1103,UPI000013DF8A,1,2.25
1104,1104,UPI000013EFE9,1,2.25
1105,1105,UPI00015B3C70,1,2.25
1106,1106,UPI00006E232B,1,2.25
1107,1107,UPI000016021B,1,2.25
1108,1108,UPI000013D057,1,2.25
1109,1109,UPI000000127D,1,2.25
1110,1110,UPI00003588F0,1,2.25
1111,1111,UPI0000E671FE,1,2.25
1112,1112,UPI0000DBEF37,1,2.25
1113,1113,UPI00001A832D,1,2.25
1114,1114,UPI000004C619,1,2.25
1115,1115,UPI0000046406,1,2.25
1116,1116,UPI00003D4D6C,1,2.25
1117,1117,UPI00002020EB,3,6.75
1118,1118,UPI0000039B1A,1,2.25
1119,1119,UPI0000039E60,1,2.25
1120,1120,UPI0000070C71,1,2.25
1121,1121,UPI0001612CC0,1,2.25
1122,1122,UPI00001AE77D,1,2.25
1123,1123,UPI0001AE68B4,1,2.25
1124,1124,UPI000204A78B,1,2.25
1125,1125,UPI0000167E20,1,2.25
1126,1126,UPI000003B115,1,2.25
1127,1127,UPI000006EEEC,1,2.25
1128,1128,UPI00001BDC7C,2,4.5
1129,1129,UPI000045779F,2,4.5
1130,1130,UPI0002840E7F,1,2.25
1131,1131,UPI000020ADBC,2,4.5
1132,1132,UPI0000457614,1,2.25
1133,1133,UPI000013CF5D,2,4.5
1134,1134,UPI0000070A3C,2,4.5
1135,1135,UPI0000198BEF,1,2.25
1136,1136,UPI0000136C3F,1,2.25
1137,1137,UPI00000719CD,1,2.25
1138,1138,UPI00000725EE,1,2.25
1139,1139,UPI0000D617B1,1,2.25
1140,1140,UPI000003166A,1,2.25
1141,1141,UPI000023271E,1,2.25
1142,1142,UPI0000129CA7,1,2.25
1143,1143,UPI0000456F25,1,2.25
1144,1144,UPI00001C1C97,1,2.25
1145,1145,UPI0000001C9F,1,2.25
1146,1146,UPI00000467CA,1,2.25
1147,1147,UPI0000EBB7D6,1,2.25
1148,1148,UPI000016783D,1,2.25
1149,1149,UPI00000437FE,1,2.25
1150,1150,UPI00001B07C3,2,4.5
1151,1151,UPI000013C3DC,1,2.25
1152,1152,UPI0000359594,1,2.25
1153,1153,UPI0000423DF4,1,2.25
1154,1154,UPI000012ADC5,2,4.5
1155,1155,UPI00006C181B,1,2.25
1156,1156,UPI000004A07B,1,2.25
1157,1157,UPI0000E5AFF9,1,2.25
1158,1158,UPI000023281A,1,2.25
1159,1159,UPI000014153E,1,2.25
1160,1160,UPI000013CB8B,1,2.25
1161,1161,UPI00004575C6,1,2.25
1162,1162,UPI00022F843B,1,2.25
1163,1163,UPI0000206B64,1,2.25
1164,1164,UPI0000E599FA,1,2.25
1165,1165,UPI00015E00D0,1,2.25
1166,1166,UPI0000EE0485,1,2.25
1167,1167,UPI00004589BB,1,2.25
1168,1168,UPI0000130C80,1,2.25
1169,1169,UPI00001C1E1E,5,11.25
1170,1170,UPI000006FF4C,1,2.25
1171,1171,UPI0000071B6E,1,2.25
1172,1172,UPI000012ADEC,1,2.25
1173,1173,UPI000013C70B,1,2.25
1174,1174,UPI0000131BD3,1,2.25
1175,1175,UPI0000E5A38D,1,2.25
1176,1176,UPI00001AE868,1,2.25
1177,1177,UPI0000203C32,1,2.25
1178,1178,UPI000006F1B6,1,2.25
1179,1179,UPI000004A077,1,2.25
1180,1180,UPI000013E694,1,2.25
1181,1181,UPI0000488BDC,1,2.25
1182,1182,UPI0000071E24,1,2.25
1183,1183,UPI000059D33E,1,2.25
1184,1184,UPI000013D842,1,2.25
1185,1185,UPI00001378FC,1,2.25
1186,1186,UPI0001838820,2,4.5
1187,1187,UPI00001AFE92,1,2.25
1188,1188,UPI000013C8B1,1,2.25
1189,1189,UPI000004B1EC,1,2.25
1190,1190,UPI00001D7FAE,1,2.25
1191,1191,UPI0000140198,1,2.25
1192,1192,UPI0000135F5C,1,2.25
1193,1193,UPI000000D824,1,2.25
1194,1194,UPI0001F7848D,1,2.25
1195,1195,UPI000004673A,1,2.25
1196,1196,UPI00001DFBF3,1,2.25
1197,1197,UPI00001D68E9,1,2.25
1198,1198,UPI00001AED69,1,2.25
1199,1199,UPI00004C3E05,1,2.25
1200,1200,UPI000012ADD0,1,2.25
1201,1201,UPI000012BB5B,1,2.25
1202,1202,UPI000003032B,1,2.25
1203,1203,UPI000004A951,1,2.25
1204,1204,UPI0000D61567,1,2.25
1205,1205,UPI0000037B1F,1,2.25
1206,1206,UPI00004565DA,1,2.25
1207,1207,UPI000013DD75,1,2.25
1208,1208,UPI00001C2000,1,2.25
1209,1209,UPI0001A5E4A3,1,2.25
1210,1210,UPI00001AECDC,2,4.5
1211,1211,UPI000002ADD2,3,6.75
1212,1212,UPI0000041CE2,1,2.25
1213,1213,UPI00001A9480,1,2.25
1214,1214,UPI00025A2EC3,1,2.25
1215,1215,UPI0001B79574,1,2.25
1216,1216,UPI000022A768,1,2.25
1217,1217,UPI000046FD46,1,2.25
1218,1218,UPI0000126640,3,6.75
1219,1219,UPI00000389E8,1,2.25
1220,1220,UPI000020E71F,1,2.25
1221,1221,UPI0000044645,1,2.25
1222,1222,UPI0001AE67FB,1,2.25
1223,1223,UPI0000072AD5,1,2.25
1224,1224,UPI0000246F54,1,2.25
1225,1225,UPI0000E03260,1,2.25
1226,1226,UPI0000424CC7,1,2.25
1227,1227,UPI0000E5924D,1,2.25
1228,1228,UPI0000231C71,1,2.25
1229,1229,UPI000012666A,1,2.25
1230,1230,UPI000013E87D,1,2.25
1231,1231,UPI0000072AAB,1,2.25
1232,1232,UPI0000205CB5,2,4.5
1233,1233,UPI0000212786,5,11.25
1234,1234,UPI00000421FD,1,2.25
1235,1235,UPI000013DDDC,1,2.25
1236,1236,UPI0001662BAD,1,2.25
1237,1237,UPI0000201E92,1,2.25
1238,1238,UPI00001BDAC0,1,2.25
1239,1239,UPI000012ADD6,3,6.75
1240,1240,UPI000022AC91,1,2.25
1241,1241,UPI000006F1A1,1,2.25
1242,1242,UPI00001376B5,1,2.25
1243,1243,UPI0000161FDC,1,2.25
1244,1244,UPI0000140E62,1,2.25
1245,1245,UPI000013E44F,1,2.25
1246,1246,UPI0000209875,2,4.5
1247,1247,UPI0000251D78,1,2.25
1248,1248,UPI000059D3CC,1,2.25
1249,1249,UPI0001929538,1,2.25
1250,1250,UPI000013E413,1,2.25
1251,1251,UPI000013D308,2,4.5
1252,1252,UPI00001AF305,1,2.25
1253,1253,UPI0001DD21C7,1,2.25
1254,1254,UPI000004A10E,1,2.25
1255,1255,UPI000007443D,2,4.5
1256,1256,UPI0000367134,1,2.25
1257,1257,UPI0000048EB8,1,2.25
1258,1258,UPI00015E04B4,1,2.25
1259,1259,UPI00015E06EA,3,6.75
1260,1260,UPI0002065974,2,4.5
1261,1261,UPI0000073AA5,1,2.25
1262,1262,UPI00001AFDEB,1,2.25
1263,1263,UPI0000073F52,1,2.25
1264,1264,UPI00002326B6,1,2.25
1265,1265,UPI0000129881,1,2.25
1266,1266,UPI000007385F,1,2.25
1267,1267,UPI0001610E83,1,2.25
1268,1268,UPI000006F554,1,2.25
1269,1269,UPI00015E05B9,1,2.25
1270,1270,UPI000004F638,1,2.25
1271,1271,UPI000006FECD,1,2.25
1272,1272,UPI00025A2F44,1,2.25
1273,1273,UPI000013D104,1,2.25
1274,1274,UPI000066DA6A,1,2.25
1275,1275,UPI00004C8020,2,4.5
1276,1276,UPI0000072C2E,1,2.25
1277,1277,UPI0000423C4C,1,2.25
1278,1278,UPI00001C1E94,1,2.25
1279,1279,UPI00001B647D,1,2.25
1280,1280,UPI0000073CB8,1,2.25
1281,1281,UPI000013CDC7,2,4.5
1282,1282,UPI0001A48FC8,1,2.25
1283,1283,UPI000195170D,1,2.25
1284,1284,UPI0000141917,2,4.5
1285,1285,UPI000013DFEA,1,2.25
1286,1286,UPI00004700E1,1,2.25
1287,1287,UPI000050ED33,1,2.25
1288,1288,UPI000004E7FC,1,2.25
1289,1289,UPI000204A77C,1,2.25
1290,1290,UPI0001662BC1,1,2.25
1291,1291,UPI0000167B08,1,2.25
1292,1292,UPI0001EE4B77,1,2.25
1293,1293,UPI000006FC41,1,2.25
1294,1294,UPI0000070AF2,1,2.25
1295,1295,UPI000034ECE0,3,6.75
1296,1296,UPI000058E2EA,2,4.5
1297,1297,UPI00004C2CAA,1,2.25
1298,1298,UPI0000072F87,1,2.25
1299,1299,UPI000161137B,1,2.25
1300,1300,UPI00001294AC,1,2.25
1301,1301,UPI00001B6532,1,2.25
1302,1302,UPI0001881663,1,2.25
1303,1303,UPI000020187D,1,2.25
1304,1304,UPI000006D077,1,2.25
1305,1305,UPI000013DC6C,3,6.75
1306,1306,UPI000013C755,1,2.25
1307,1307,UPI0000DAC777,2,4.5
1308,1308,UPI000042467C,3,6.75
1309,1309,UPI00006AB830,1,2.25
1310,1310,UPI00002077A2,1,2.25
1311,1311,UPI0001AE641D,1,2.25
1312,1312,UPI0000229786,1,2.25
1313,1313,UPI00018848F1,1,2.25
1314,1314,UPI00001AEE5A,1,2.25
1315,1315,UPI00017A8741,1,2.25
1316,1316,UPI0000141054,1,2.25
1317,1317,UPI000013D1EC,1,2.25
1318,1318,UPI0000169571,1,2.25
1319,1319,UPI0002065925,2,4.5
1320,1320,UPI000067CB88,1,2.25
1321,1321,UPI000006F773,1,2.25
1322,1322,UPI0000251DD8,2,4.5
1323,1323,UPI0000470B60,1,2.25
1324,1324,UPI0000073246,2,4.5
1325,1325,UPI000013E18E,1,2.25
1326,1326,UPI00001C1F20,1,2.25
1327,1327,UPI0000185F04,1,2.25
1328,1328,UPI000004A2BE,1,2.25
1329,1329,UPI0000127442,1,2.25
1330,1330,UPI000013CDEE,1,2.25
1331,1331,UPI00001D7B21,1,2.25
1332,1332,UPI000013F27D,1,2.25
1333,1333,UPI0000037B54,1,2.25
1334,1334,UPI0000E0A787,1,2.25
1335,1335,UPI00001C1FDF,1,2.25
1336,1336,UPI00002004B5,1,2.25
1337,1337,UPI0000041DD3,1,2.25
1338,1338,UPI0000073ADE,1,2.25
1339,1339,UPI000013DE11,1,2.25
1340,1340,UPI00015E09B8,1,2.25
1341,1341,UPI0000049802,1,2.25
1342,1342,UPI000013DA0D,1,2.25
1343,1343,UPI0000374562,1,2.25
1344,1344,UPI000013CCD8,1,2.25
1345,1345,UPI0000073D30,1,2.25
1346,1346,UPI000015F97E,1,2.25
1347,1347,UPI00001D818D,2,4.5
1348,1348,UPI00001FEBF9,1,2.25
1349,1349,UPI0000073E41,1,2.25
1350,1350,UPI0000246F73,1,2.25
1351,1351,UPI0001642876,1,2.25
1352,1352,UPI00001D771D,1,2.25
1353,1353,UPI000013E4EC,1,2.25
1354,1354,UPI00001C1FA8,1,2.25
1355,1355,UPI0000458A54,1,2.25
1356,1356,UPI000066D9E3,1,2.25
1357,1357,UPI0000126665,1,2.25
1358,1358,UPI00000015B6,1,2.25
1359,1359,UPI0000070598,1,2.25
1360,1360,UPI00003FEC88,1,2.25
1361,1361,UPI0001CE93AE,1,2.25
1362,1362,UPI00004CEC5B,1,2.25
1363,1363,UPI000007315E,1,2.25
1364,1364,UPI0000E0BF7B,1,2.25
1365,1365,UPI00001F9669,1,2.25
1366,1366,UPI000004FDF5,2,4.5
1367,1367,UPI000000CC09,1,2.25
1368,1368,UPI000022D996,1,2.25
1369,1369,UPI0000231C2D,1,2.25
1370,1370,UPI000015F240,1,2.25
1371,1371,UPI00021CF3BF,1,2.25
1372,1372,UPI000011D62A,1,2.25
1373,1373,UPI000013E507,1,2.25
1374,1374,UPI000013DCDA,1,2.25
1375,1375,UPI0001881A85,1,2.25
1376,1376,UPI0001AE62FE,1,2.25
1377,1377,UPI0000418EA1,1,2.25
1378,1378,UPI00001D9756,1,2.25
1379,1379,UPI000013E280,1,2.25
1380,1380,UPI000016864A,1,2.25
1381,1381,UPI00001AE786,1,2.25
1382,1382,UPI000166C19F,1,2.25
1383,1383,UPI000022BFB0,1,2.25
1384,1384,UPI0000413F35,1,2.25
1385,1385,UPI000013CFAC,1,2.25
1386,1386,UPI0000205DDE,1,2.25
1387,1387,UPI0000046C44,1,2.25
1388,1388,UPI0000037465,1,2.25
1389,1389,UPI0000130507,1,2.25
1390,1390,UPI000013E60F,1,2.25
1391,1391,UPI0000041BDE,1,2.25
1392,1392,UPI000006EEED,1,2.25
1393,1393,UPI0000EADF0B,1,2.25
1394,1394,UPI0000D820CC,1,2.25
1395,1395,UPI000013CE13,1,2.25
1396,1396,UPI0000074578,1,2.25
1397,1397,UPI000005104D,1,2.25
1398,1398,UPI00001C2011,1,2.25
1399,1399,UPI000198C8A7,1,2.25
1400,1400,UPI0002065B81,1,2.25
1401,1401,UPI0001AE795F,1,2.25
1402,1402,UPI000013811E,1,2.25
1403,1403,UPI000006D7C1,2,4.5
1404,1404,UPI000013EFF9,1,2.25
1405,1405,UPI000013D82E,2,4.5
1406,1406,UPI00004EC29C,1,2.25
1407,1407,UPI000051AE2E,1,2.25
1408,1408,UPI000013D704,1,2.25
1409,1409,UPI000016ABE3,1,2.25
1410,1410,UPI000019B3C1,1,2.25
1411,1411,UPI000013C57B,1,2.25
1412,1412,UPI0000141A8E,3,6.75
1413,1413,UPI000020E56F,1,2.25
1414,1414,UPI00001AADF3,1,2.25
1415,1415,UPI0000071679,1,2.25
1416,1416,UPI0000126A2D,1,2.25
1417,1417,UPI0000EE4A53,3,6.75
1418,1418,UPI00001A96B8,1,2.25
1419,1419,UPI0000161631,1,2.25
1420,1420,UPI00015E0572,1,2.25
1421,1421,UPI0002065466,1,2.25
1422,1422,UPI0000167B2F,1,2.25
1423,1423,UPI0000456EEB,1,2.25
1424,1424,UPI00006E2246,1,2.25
1425,1425,UPI000013C98D,1,2.25
1426,1426,UPI000015153B,1,2.25
1427,1427,UPI0000070FB1,1,2.25
1428,1428,UPI00001293CB,1,2.25
1429,1429,UPI00001F9E3B,2,4.5
1430,1430,UPI0000208B29,1,2.25
1431,1431,UPI00001B4B18,1,2.25
1432,1432,UPI00001273CC,1,2.25
1433,1433,UPI0000470BBD,1,2.25
1434,1434,UPI00000718AE,1,2.25
1435,1435,UPI000013D567,2,4.5
1436,1436,UPI0000140E19,1,2.25
1437,1437,UPI0000141657,1,2.25
1438,1438,UPI000013D783,1,2.25
1439,1439,UPI000013EF6E,1,2.25
1440,1440,UPI00001AEBA4,1,2.25
1441,1441,UPI00000711D1,2,4.5
1442,1442,UPI00001313D9,1,2.25
1443,1443,UPI0000D6DA73,1,2.25
1444,1444,UPI00015E040A,1,2.25
1445,1445,UPI000065CA24,2,4.5
1446,1446,UPI000006F76F,1,2.25
1447,1447,UPI00001BE8EA,1,2.25
1448,1448,UPI00001313B6,1,2.25
1449,1449,UPI000013D92B,1,2.25
1450,1450,UPI000004B634,1,2.25
1451,1451,UPI00004574E1,3,6.75
1452,1452,UPI00001B4B16,1,2.25
1453,1453,UPI000013D915,1,2.25
1454,1454,UPI00001B0366,3,6.75
1455,1455,UPI00015B3B88,1,2.25
1456,1456,UPI000004CB0B,1,2.25
1457,1457,UPI00001A95DE,1,2.25
1458,1458,UPI000003B052,1,2.25
1459,1459,UPI000017DF81,1,2.25
1460,1460,UPI0001611034,3,6.75
1461,1461,UPI0000202F63,3,6.75
1462,1462,UPI00000728B5,1,2.25
1463,1463,UPI0002A47704,1,2.25
1464,1464,UPI0000074451,1,2.25
1465,1465,UPI000049DE01,3,6.75
1466,1466,UPI0000073639,1,2.25
1467,1467,UPI0000E59EF5,1,2.25
1468,1468,UPI000023731A,1,2.25
1469,1469,UPI0000000B17,3,6.75
1470,1470,UPI000013D56A,1,2.25
1471,1471,UPI00005D3C95,2,4.5
1472,1472,UPI00000467E6,1,2.25
1473,1473,UPI00015386B3,1,2.25
1474,1474,UPI000006EA15,1,2.25
1475,1475,UPI00000715E9,1,2.25
1476,1476,UPI000013D4C2,1,2.25
1477,1477,UPI0000160D96,1,2.25
1478,1478,UPI000006CF77,1,2.25
1479,1479,UPI000013DCB6,1,2.25
1480,1480,UPI000015FD15,1,2.25
1481,1481,UPI0001823FDC,3,6.75
1482,1482,UPI0000071834,1,2.25
1483,1483,UPI000006FF0C,1,2.25
1484,1484,UPI0000505465,2,4.5
1485,1485,UPI0000E5B01A,1,2.25
1486,1486,UPI000045882C,1,2.25
1487,1487,UPI0000031D01,1,2.25
1488,1488,UPI000020F9BB,1,2.25
1489,1489,UPI00001AAC44,1,2.25
1490,1490,UPI00024672CE,2,4.5
1491,1491,UPI000000DA9E,1,2.25
1492,1492,UPI00001AE937,3,6.75
1493,1493,UPI00001285F3,1,2.25
1494,1494,UPI00001D822A,1,2.25
1495,1495,UPI0000052952,1,2.25
1496,1496,UPI00004A3B76,1,2.25
1497,1497,UPI0000164A41,1,2.25
1498,1498,UPI0000D62427,1,2.25
1499,1499,UPI000059DA57,1,2.25
1500,1500,UPI000012D193,1,2.25
1501,1501,UPI0000DA5AF5,1,2.25
1502,1502,UPI000000D72E,1,2.25
1503,1503,UPI000006E083,1,2.25
1504,1504,UPI000004980B,1,2.25
1505,1505,UPI000013C68E,1,2.25
1506,1506,UPI0000041E80,1,2.25
1507,1507,UPI0000073D24,1,2.25
1508,1508,UPI000012FE45,2,4.5
1509,1509,UPI00001A8223,1,2.25
1510,1510,UPI00001612A6,1,2.25
1511,1511,UPI000006D9E4,1,2.25
1512,1512,UPI0000047F3B,1,2.25
1513,1513,UPI000020B8EF,1,2.25
1514,1514,UPI0000137078,1,2.25
1515,1515,UPI0000246C98,1,2.25
1516,1516,UPI00001D82A6,1,2.25
1517,1517,UPI0001533DAA,1,2.25
1518,1518,UPI00000398BB,1,2.25
1519,1519,UPI0001E8F37E,1,2.25
1520,1520,UPI0000190820,1,2.25
1521,1521,UPI000013DE67,1,2.25
1522,1522,UPI0000073FE5,1,2.25
1523,1523,UPI0000073BBA,1,2.25
1524,1524,UPI000041512B,1,2.25
1525,1525,UPI000013EA1F,1,2.25
1526,1526,UPI0000072D52,1,2.25
1527,1527,UPI00001FEDD8,1,2.25
1528,1528,UPI0000071E9E,1,2.25
1529,1529,UPI0000201AC8,1,2.25
1530,1530,UPI00017A6F19,1,2.25
1531,1531,UPI0000070494,1,2.25
1532,1532,UPI00006C19FA,1,2.25
1533,1533,UPI000012ADEA,1,2.25
1534,1534,UPI0000456F39,1,2.25
1535,1535,UPI00025A2DFB,1,2.25
1536,1536,UPI0000E06BD6,1,2.25
1537,1537,UPI0001573469,2,4.5
1538,1538,UPI000002A38D,1,2.25
1539,1539,UPI000050BBEF,1,2.25
1540,1540,UPI00001419CC,1,2.25
1541,1541,UPI0000074015,1,2.25
1542,1542,UPI00001C2068,1,2.25
1543,1543,UPI00005788EA,1,2.25
1544,1544,UPI00006BFF57,8,18.0
1545,1545,UPI000013D050,1,2.25
1546,1546,UPI000011F17B,2,4.5
1547,1547,UPI000004064B,1,2.25
1548,1548,UPI0000127E5B,1,2.25
1549,1549,UPI00001BB2B9,2,4.5
1550,1550,UPI000008AB1D,1,2.25
1551,1551,UPI0000456761,1,2.25
1552,1552,UPI000015FEE1,1,2.25
1553,1553,UPI000012CBC3,1,2.25
1554,1554,UPI000019080B,1,2.25
