id,EVmutation_spearman,Site_independent_spearman
A4_HUMAN_Seuma_2022_b01.csv,0.39505759525293155,0.40108917652180953
A4_HUMAN_Seuma_2022_b02.csv,0.38004374234768823,0.37476406585237293
A4_HUMAN_Seuma_2022_b03.csv,0.3897782309618652,0.4062427530954421
A4_HUMAN_Seuma_2022_b04.csv,0.376833853390723,0.3983180953794344
A4_HUMAN_Seuma_2022_b05.csv,0.36357041334079365,0.38402359069766406
A4_HUMAN_Seuma_2022_b06.csv,0.3669264620499254,0.3960539112037658
A4_HUMAN_Seuma_2022_b07.csv,0.34566941309875215,0.3733565453741946
A4_HUMAN_Seuma_2022_b08.csv,0.3427095912508222,0.3661852339790648
A4_HUMAN_Seuma_2022_b09.csv,0.36163376622224636,0.3716466729761488
ACE2_HUMAN_Chan_2020_b01.csv,0.23663889375321556,0.24994041590457672
ACE2_HUMAN_Chan_2020_b02.csv,0.2392425457117961,0.25080954409300865
ACE2_HUMAN_Chan_2020_b03.csv,0.2368216921086521,0.2446293466857019
ACE2_HUMAN_Chan_2020_b04.csv,0.2340224633820951,0.24160514602771868
ACE2_HUMAN_Chan_2020_b05.csv,0.24754582686812132,0.25275535477110733
ACE2_HUMAN_Chan_2020_b06.csv,0.23508969316385037,0.23557596728115923
ACE2_HUMAN_Chan_2020_b07.csv,0.2349326697694721,0.22925689186891393
ACE2_HUMAN_Chan_2020_b08.csv,0.23775002509197873,0.22758404062447507
ACE2_HUMAN_Chan_2020_b09.csv,0.23389860442073646,0.22666542485338798
AICDA_HUMAN_Gajula_2014_3cycles_b01.csv,0.3967585929183508,0.12504610893166312
AICDA_HUMAN_Gajula_2014_3cycles_b02.csv,0.4366379743269834,0.2633896910371834
AICDA_HUMAN_Gajula_2014_3cycles_b03.csv,0.4691404848395485,0.3016435500938116
AICDA_HUMAN_Gajula_2014_3cycles_b04.csv,0.4587498176102005,0.2880629354758768
AICDA_HUMAN_Gajula_2014_3cycles_b05.csv,0.46455654447713896,0.2922414843923067
AICDA_HUMAN_Gajula_2014_3cycles_b06.csv,0.46594756608895044,0.2975323943856394
AICDA_HUMAN_Gajula_2014_3cycles_b07.csv,0.36664382109351046,0.2684425399292924
AICDA_HUMAN_Gajula_2014_3cycles_b08.csv,0.42249146113379366,0.2823815829212252
AICDA_HUMAN_Gajula_2014_3cycles_b09.csv,0.3926519251854816,0.32946590910984036
AMFR_HUMAN_Tsuboyama_2023_4G3O_b01.csv,0.1627016488087567,0.07085857312442015
AMFR_HUMAN_Tsuboyama_2023_4G3O_b02.csv,0.16652583429074258,0.05902819724913123
AMFR_HUMAN_Tsuboyama_2023_4G3O_b03.csv,0.27895413394558766,0.13266548460976785
AMFR_HUMAN_Tsuboyama_2023_4G3O_b04.csv,0.3599407760691254,0.35336789468860463
AMFR_HUMAN_Tsuboyama_2023_4G3O_b05.csv,0.3182790508896819,0.3302023485903173
AMFR_HUMAN_Tsuboyama_2023_4G3O_b06.csv,0.3162239544515338,0.32708328616733445
AMFR_HUMAN_Tsuboyama_2023_4G3O_b07.csv,0.3087945659980385,0.3067824016470196
AMFR_HUMAN_Tsuboyama_2023_4G3O_b08.csv,0.30378402445896996,0.3249355813121685
AMFR_HUMAN_Tsuboyama_2023_4G3O_b09.csv,0.3027604828955171,0.3466762599231186
B2L11_HUMAN_Dutta_2010_binding-Mcl-1_b01.csv,0.1325847533169504,0.5300444186492226
B2L11_HUMAN_Dutta_2010_binding-Mcl-1_b02.csv,0.28424200370963587,0.6433330739014181
B2L11_HUMAN_Dutta_2010_binding-Mcl-1_b03.csv,0.03930118672780044,0.6605056232311014
B2L11_HUMAN_Dutta_2010_binding-Mcl-1_b04.csv,0.21397285163209923,0.688696775735319
B2L11_HUMAN_Dutta_2010_binding-Mcl-1_b05.csv,0.07991526678662625,0.6215291267282707
B2L11_HUMAN_Dutta_2010_binding-Mcl-1_b06.csv,0.08832265813377367,0.5544259211592041
B2L11_HUMAN_Dutta_2010_binding-Mcl-1_b07.csv,0.10352525364901588,-0.09356678802034103
B2L11_HUMAN_Dutta_2010_binding-Mcl-1_b08.csv,-0.10460260911155218,-0.09508105942441963
B2L11_HUMAN_Dutta_2010_binding-Mcl-1_b09.csv,-0.1924924362950693,-0.22398974313438977
BBC1_YEAST_Tsuboyama_2023_1TG0_b01.csv,0.4794848803139192,0.36381505693677996
BBC1_YEAST_Tsuboyama_2023_1TG0_b02.csv,0.4847959285714181,0.3634995410754706
BBC1_YEAST_Tsuboyama_2023_1TG0_b03.csv,0.3850760905985098,0.36577057523737627
BBC1_YEAST_Tsuboyama_2023_1TG0_b04.csv,0.35845099704823974,0.34454324071949866
BBC1_YEAST_Tsuboyama_2023_1TG0_b05.csv,0.4265903918805754,0.3361114513747033
BBC1_YEAST_Tsuboyama_2023_1TG0_b06.csv,0.4179860463677668,0.33408839750936725
BBC1_YEAST_Tsuboyama_2023_1TG0_b07.csv,0.41609226251985165,0.33612745640137115
BBC1_YEAST_Tsuboyama_2023_1TG0_b08.csv,0.4145603097194707,0.32777736216561737
BBC1_YEAST_Tsuboyama_2023_1TG0_b09.csv,0.335886756638442,0.332139941921031
BCHB_CHLTE_Tsuboyama_2023_2KRU_b01.csv,0.2935792583210502,0.385185508616451
BCHB_CHLTE_Tsuboyama_2023_2KRU_b02.csv,0.3384967931141885,0.4346874749101278
BCHB_CHLTE_Tsuboyama_2023_2KRU_b03.csv,0.4236602701158913,0.44530923270896533
BCHB_CHLTE_Tsuboyama_2023_2KRU_b04.csv,0.4820244248227127,0.46112171166531124
BCHB_CHLTE_Tsuboyama_2023_2KRU_b05.csv,0.43673222278120116,0.47016081919186514
BCHB_CHLTE_Tsuboyama_2023_2KRU_b06.csv,0.4284097232917143,0.4633495072314387
BCHB_CHLTE_Tsuboyama_2023_2KRU_b07.csv,0.3778562864016517,0.41423881839946336
BCHB_CHLTE_Tsuboyama_2023_2KRU_b08.csv,0.3856953182834488,0.4076849914859281
BCHB_CHLTE_Tsuboyama_2023_2KRU_b09.csv,0.3904148434476908,0.4121480137734306
CAR11_HUMAN_Meitlis_2020_gof_b02.csv,0.1742755044827523,0.26449452601240736
CAR11_HUMAN_Meitlis_2020_gof_b03.csv,0.19023808114680782,0.2330956363918485
CAR11_HUMAN_Meitlis_2020_gof_b04.csv,0.2050501083355879,0.2048475837900686
CAR11_HUMAN_Meitlis_2020_gof_b05.csv,0.183030837158668,0.16629202111509098
CAR11_HUMAN_Meitlis_2020_gof_b06.csv,0.1326280258308215,0.16077449396076904
CAR11_HUMAN_Meitlis_2020_gof_b07.csv,0.17883604625409524,0.15985289254948118
CAR11_HUMAN_Meitlis_2020_gof_b08.csv,0.15885257311376524,0.14001940161348858
CAR11_HUMAN_Meitlis_2020_gof_b09.csv,0.15883865962543048,0.15184013842564167
CAR11_HUMAN_Meitlis_2020_lof_b02.csv,0.3130052820612512,0.42041997893339916
CAR11_HUMAN_Meitlis_2020_lof_b03.csv,0.3379282700198483,0.4003063073644574
CAR11_HUMAN_Meitlis_2020_lof_b04.csv,0.3791882493644151,0.38457038018889766
CAR11_HUMAN_Meitlis_2020_lof_b05.csv,0.3485145866038319,0.3451976652706186
CAR11_HUMAN_Meitlis_2020_lof_b06.csv,0.2767174413826377,0.3368985479960392
CAR11_HUMAN_Meitlis_2020_lof_b07.csv,0.32734398226244704,0.3212319727327256
CAR11_HUMAN_Meitlis_2020_lof_b08.csv,0.3295197957005406,0.3204001100597454
CAR11_HUMAN_Meitlis_2020_lof_b09.csv,0.2960637678727181,0.3168883566068507
CAS9_STRP1_Spencer_2017_positive_b01.csv,0.17874924157426997,0.15449208251080937
CAS9_STRP1_Spencer_2017_positive_b02.csv,0.17985807254241726,0.1763842968809997
CAS9_STRP1_Spencer_2017_positive_b03.csv,0.1806388463806105,0.17820321117871762
CAS9_STRP1_Spencer_2017_positive_b04.csv,0.18161528077619327,0.1788495553051812
CAS9_STRP1_Spencer_2017_positive_b05.csv,0.17719442298217689,0.1742130986168361
CAS9_STRP1_Spencer_2017_positive_b06.csv,0.17569532328686177,0.17332726757520708
CAS9_STRP1_Spencer_2017_positive_b07.csv,0.18061768349740204,0.17427468504896257
CAS9_STRP1_Spencer_2017_positive_b08.csv,0.17271537351110522,0.1707300487812073
CAS9_STRP1_Spencer_2017_positive_b09.csv,0.16893210907578624,0.17251588832295764
CASP3_HUMAN_Roychowdhury_2020_b01.csv,0.6136127853405813,0.46396205898567605
CASP3_HUMAN_Roychowdhury_2020_b02.csv,0.6240448794641222,0.5288345643205627
CASP3_HUMAN_Roychowdhury_2020_b03.csv,0.6306380942993377,0.5845967671688959
CASP3_HUMAN_Roychowdhury_2020_b04.csv,0.6224143168000674,0.5868657515291803
CASP3_HUMAN_Roychowdhury_2020_b05.csv,0.6221954752468573,0.5893670308275805
CASP3_HUMAN_Roychowdhury_2020_b06.csv,0.6158753993342148,0.587570629538156
CASP3_HUMAN_Roychowdhury_2020_b07.csv,0.6223643674211105,0.5933373685266286
CASP3_HUMAN_Roychowdhury_2020_b08.csv,0.6204003802584295,0.6063178438869175
CASP3_HUMAN_Roychowdhury_2020_b09.csv,0.6277489891495699,0.610027855566668
CASP7_HUMAN_Roychowdhury_2020_b01.csv,0.5909142429493255,0.44292383290382253
CASP7_HUMAN_Roychowdhury_2020_b02.csv,0.6039164145275635,0.5156287508073155
CASP7_HUMAN_Roychowdhury_2020_b03.csv,0.6204616018059013,0.578757006003601
CASP7_HUMAN_Roychowdhury_2020_b04.csv,0.6175366209766519,0.5830527870292432
CASP7_HUMAN_Roychowdhury_2020_b05.csv,0.6255125141176321,0.591475207501727
CASP7_HUMAN_Roychowdhury_2020_b06.csv,0.6197092508293323,0.5937168302698234
CASP7_HUMAN_Roychowdhury_2020_b07.csv,0.6295717003435893,0.6128543773706104
CASP7_HUMAN_Roychowdhury_2020_b08.csv,0.6278489188633063,0.6218838199690444
CASP7_HUMAN_Roychowdhury_2020_b09.csv,0.6378975154025581,0.623961418686498
CBPA2_HUMAN_Tsuboyama_2023_1O6X_b01.csv,0.6993200334870139,0.7077426409617854
CBPA2_HUMAN_Tsuboyama_2023_1O6X_b02.csv,0.6983267988820296,0.62465670299853
CBPA2_HUMAN_Tsuboyama_2023_1O6X_b03.csv,0.7262115900229892,0.6711585880084582
CBPA2_HUMAN_Tsuboyama_2023_1O6X_b04.csv,0.7189505644825142,0.6698845343835306
CBPA2_HUMAN_Tsuboyama_2023_1O6X_b05.csv,0.7187764129834988,0.6702297864591577
CBPA2_HUMAN_Tsuboyama_2023_1O6X_b06.csv,0.7268417355861521,0.6738112948340299
CBPA2_HUMAN_Tsuboyama_2023_1O6X_b07.csv,0.7254447919652625,0.6816685356637067
CBPA2_HUMAN_Tsuboyama_2023_1O6X_b08.csv,0.7089695260943962,0.7010985377531357
CBPA2_HUMAN_Tsuboyama_2023_1O6X_b09.csv,0.7099939328538817,0.7118688764832207
CBS_HUMAN_Sun_2020_b01.csv,0.3931017013515796,0.35738364203330725
CBS_HUMAN_Sun_2020_b02.csv,0.3958364090130766,0.34788362682422186
CBS_HUMAN_Sun_2020_b03.csv,0.3956875793016733,0.36783481498828496
CBS_HUMAN_Sun_2020_b04.csv,0.3957208673158093,0.36736099436530134
CBS_HUMAN_Sun_2020_b05.csv,0.39774100106043375,0.3683091038325316
CBS_HUMAN_Sun_2020_b06.csv,0.39645988522889747,0.3682163997152861
CBS_HUMAN_Sun_2020_b07.csv,0.39820683581504945,0.3687848786134409
CBS_HUMAN_Sun_2020_b08.csv,0.3993300122979874,0.37071922788587497
CBS_HUMAN_Sun_2020_b09.csv,0.40041741821916405,0.37598502206943846
CBX4_HUMAN_Tsuboyama_2023_2K28_b01.csv,0.532845827883273,0.5372143735268524
CBX4_HUMAN_Tsuboyama_2023_2K28_b02.csv,0.5334398782935306,0.5498272659121819
CBX4_HUMAN_Tsuboyama_2023_2K28_b03.csv,0.5597586218596527,0.5506979513906016
CBX4_HUMAN_Tsuboyama_2023_2K28_b04.csv,0.5821004901914568,0.5814259384850315
CBX4_HUMAN_Tsuboyama_2023_2K28_b05.csv,0.6172998407680164,0.6046673437928686
CBX4_HUMAN_Tsuboyama_2023_2K28_b06.csv,0.6112132411852103,0.6110005887969111
CBX4_HUMAN_Tsuboyama_2023_2K28_b07.csv,0.6403979075985136,0.6291093247594037
CBX4_HUMAN_Tsuboyama_2023_2K28_b08.csv,0.6371901592814305,0.6479260341642409
CBX4_HUMAN_Tsuboyama_2023_2K28_b09.csv,0.6497989095453972,0.6635421641117062
CCR5_HUMAN_Gill_2023_b03.csv,0.31686048431459257,0.31963231213396603
CCR5_HUMAN_Gill_2023_b04.csv,0.33756539431967003,0.34280333774439625
CCR5_HUMAN_Gill_2023_b05.csv,0.33677675579132865,0.34941370218573314
CCR5_HUMAN_Gill_2023_b06.csv,0.3477355843101303,0.3575506418113418
CCR5_HUMAN_Gill_2023_b07.csv,0.34842830963090876,0.36231126531597463
CCR5_HUMAN_Gill_2023_b08.csv,0.33943385759028144,0.3515759400771169
CCR5_HUMAN_Gill_2023_b09.csv,0.3372250956297772,0.3394311982064356
CD19_HUMAN_Klesmith_2019_FMC_singles_b01.csv,0.24652607786262248,0.18927715298832365
CD19_HUMAN_Klesmith_2019_FMC_singles_b02.csv,0.23860793290613894,0.20817042021038848
CD19_HUMAN_Klesmith_2019_FMC_singles_b03.csv,0.2375721236872818,0.21813109729761035
CD19_HUMAN_Klesmith_2019_FMC_singles_b04.csv,0.25499208456172034,0.23756740067283744
CD19_HUMAN_Klesmith_2019_FMC_singles_b05.csv,0.24951198255769863,0.23572500090384657
CD19_HUMAN_Klesmith_2019_FMC_singles_b06.csv,0.2502298113276613,0.23600475112456307
CD19_HUMAN_Klesmith_2019_FMC_singles_b07.csv,0.2485207940057771,0.23511759441365676
CD19_HUMAN_Klesmith_2019_FMC_singles_b08.csv,0.25619809638855157,0.2403931572616095
CD19_HUMAN_Klesmith_2019_FMC_singles_b09.csv,0.2573875712721235,0.24132636033015956
CSN4_MOUSE_Tsuboyama_2023_1UFM_b03.csv,0.4756396522945951,0.4622030548436437
CSN4_MOUSE_Tsuboyama_2023_1UFM_b04.csv,0.4622992402881516,0.47243551689313434
CSN4_MOUSE_Tsuboyama_2023_1UFM_b05.csv,0.45534283604443265,0.4997125247886341
CSN4_MOUSE_Tsuboyama_2023_1UFM_b06.csv,0.47557050860664885,0.46556330504176485
CSN4_MOUSE_Tsuboyama_2023_1UFM_b07.csv,0.4736190377754215,0.45727197024098654
CSN4_MOUSE_Tsuboyama_2023_1UFM_b08.csv,0.47967971967814477,0.451218414798553
CSN4_MOUSE_Tsuboyama_2023_1UFM_b09.csv,0.47608914582784184,0.44242217476337103
CUE1_YEAST_Tsuboyama_2023_2MYX_b01.csv,0.2359867129447433,0.08550031850795238
CUE1_YEAST_Tsuboyama_2023_2MYX_b02.csv,0.3962812650137237,0.24096962470967984
CUE1_YEAST_Tsuboyama_2023_2MYX_b03.csv,0.3778515720270006,0.3269776474425682
CUE1_YEAST_Tsuboyama_2023_2MYX_b04.csv,0.3901387592998655,0.35245381577129553
CUE1_YEAST_Tsuboyama_2023_2MYX_b05.csv,0.425337087998335,0.36878182740699544
CUE1_YEAST_Tsuboyama_2023_2MYX_b06.csv,0.4292866889349109,0.38308303858366444
CUE1_YEAST_Tsuboyama_2023_2MYX_b07.csv,0.43020273212572424,0.394967192839418
CUE1_YEAST_Tsuboyama_2023_2MYX_b08.csv,0.42056153513414185,0.3782142623841807
CUE1_YEAST_Tsuboyama_2023_2MYX_b09.csv,0.4329683330170411,0.3789073572270417
DNJA1_HUMAN_Tsuboyama_2023_2LO1_b01.csv,0.7539596965124695,0.7830681938674515
DNJA1_HUMAN_Tsuboyama_2023_2LO1_b02.csv,0.7603055538658762,0.7858265594534003
DNJA1_HUMAN_Tsuboyama_2023_2LO1_b03.csv,0.7627457813865723,0.7903808707762153
DNJA1_HUMAN_Tsuboyama_2023_2LO1_b04.csv,0.7635041950086534,0.792075908778923
DNJA1_HUMAN_Tsuboyama_2023_2LO1_b05.csv,0.7683840729049098,0.7928378665598814
DNJA1_HUMAN_Tsuboyama_2023_2LO1_b06.csv,0.7703780332924873,0.7916763837364433
DNJA1_HUMAN_Tsuboyama_2023_2LO1_b07.csv,0.7726761760186127,0.7910086798346756
DNJA1_HUMAN_Tsuboyama_2023_2LO1_b08.csv,0.773712298177024,0.7886141134427058
DNJA1_HUMAN_Tsuboyama_2023_2LO1_b09.csv,0.7798296403791003,0.7943225944409712
DYR_ECOLI_Nguyen_2023_b01.csv,0.4581552967509462,0.3762721459411136
DYR_ECOLI_Nguyen_2023_b02.csv,0.4518815098623919,0.41411105605807175
DYR_ECOLI_Nguyen_2023_b03.csv,0.45301665914785294,0.4761728778326006
DYR_ECOLI_Nguyen_2023_b04.csv,0.4535871077508485,0.48471789218553685
DYR_ECOLI_Nguyen_2023_b05.csv,0.4554933712323816,0.48772308321273994
DYR_ECOLI_Nguyen_2023_b06.csv,0.4634746707993311,0.4915152750767822
DYR_ECOLI_Nguyen_2023_b07.csv,0.4671184663980195,0.49141532291923457
DYR_ECOLI_Nguyen_2023_b08.csv,0.46693990536997,0.4949547912572296
DYR_ECOLI_Nguyen_2023_b09.csv,0.4680267901564994,0.4978714069570399
DYR_ECOLI_Thompson_2019_b01.csv,0.4640678073503003,0.3126028714005877
DYR_ECOLI_Thompson_2019_b02.csv,0.4768598447942664,0.34718826365988337
DYR_ECOLI_Thompson_2019_b03.csv,0.4778322558452129,0.38760923932132235
DYR_ECOLI_Thompson_2019_b04.csv,0.4774097958665487,0.39449130691641543
DYR_ECOLI_Thompson_2019_b05.csv,0.47977925941330907,0.3950843288175214
DYR_ECOLI_Thompson_2019_b06.csv,0.4873953158485969,0.39719237844621746
DYR_ECOLI_Thompson_2019_b07.csv,0.487619869363263,0.3966805818487086
DYR_ECOLI_Thompson_2019_b08.csv,0.49215279176940857,0.3970242549440436
DYR_ECOLI_Thompson_2019_b09.csv,0.48972035617180787,0.3989763946297547
ENVZ_ECOLI_Ghose_2023_b01.csv,0.1476753086591256,0.168377026037304
ENVZ_ECOLI_Ghose_2023_b02.csv,0.14959381267065977,0.1756501264045032
ENVZ_ECOLI_Ghose_2023_b03.csv,0.14931322612168235,0.1721589736733043
ENVZ_ECOLI_Ghose_2023_b04.csv,0.15039338102648392,0.174816562467378
ENVZ_ECOLI_Ghose_2023_b05.csv,0.16659267816834586,0.1810747400085952
ENVZ_ECOLI_Ghose_2023_b06.csv,0.15732663429658106,0.17852143640746793
ENVZ_ECOLI_Ghose_2023_b07.csv,0.15494377600367928,0.1687903766426439
ENVZ_ECOLI_Ghose_2023_b08.csv,0.14353716396744334,0.15175143903548682
ENVZ_ECOLI_Ghose_2023_b09.csv,0.13224134048602265,0.1332832954043519
EPHB2_HUMAN_Tsuboyama_2023_1F0M_b01.csv,0.6925716892438301,0.7142670385376942
EPHB2_HUMAN_Tsuboyama_2023_1F0M_b02.csv,0.7373609139120344,0.7326557049241358
EPHB2_HUMAN_Tsuboyama_2023_1F0M_b03.csv,0.7586382831731184,0.7482098472757247
EPHB2_HUMAN_Tsuboyama_2023_1F0M_b04.csv,0.756005187517205,0.7590428541216748
EPHB2_HUMAN_Tsuboyama_2023_1F0M_b05.csv,0.7681765943928941,0.7873354851538223
EPHB2_HUMAN_Tsuboyama_2023_1F0M_b06.csv,0.7587389170035532,0.7760706699784283
EPHB2_HUMAN_Tsuboyama_2023_1F0M_b07.csv,0.7452708090617226,0.7525519200783936
EPHB2_HUMAN_Tsuboyama_2023_1F0M_b08.csv,0.7399069069614103,0.7172104255065921
EPHB2_HUMAN_Tsuboyama_2023_1F0M_b09.csv,0.7387636861470157,0.7034086492856136
ERBB2_HUMAN_Elazar_2016_b02.csv,0.36557142599950615,0.38532919600575716
ERBB2_HUMAN_Elazar_2016_b03.csv,0.3079130457770026,0.3173263946644032
ERBB2_HUMAN_Elazar_2016_b04.csv,0.27571584999064125,0.3047736722870075
ERBB2_HUMAN_Elazar_2016_b05.csv,0.2746387335554725,0.30235934639312534
ERBB2_HUMAN_Elazar_2016_b06.csv,0.2667437516060029,0.2746641509061629
ERBB2_HUMAN_Elazar_2016_b07.csv,0.286636298697738,0.3028093874203693
ERBB2_HUMAN_Elazar_2016_b08.csv,0.3046770683232116,0.3155915774279659
ERBB2_HUMAN_Elazar_2016_b09.csv,0.3147682616107833,0.3131180680524335
FECA_ECOLI_Tsuboyama_2023_2D1U_b01.csv,0.4879125441587531,0.31881988204024103
FECA_ECOLI_Tsuboyama_2023_2D1U_b02.csv,0.5038679234396691,0.3597879033394649
FECA_ECOLI_Tsuboyama_2023_2D1U_b03.csv,0.5143939833617612,0.37698326476790406
FECA_ECOLI_Tsuboyama_2023_2D1U_b04.csv,0.4564790977008662,0.40124475013405914
FECA_ECOLI_Tsuboyama_2023_2D1U_b05.csv,0.4483354905760903,0.41311477306958233
FECA_ECOLI_Tsuboyama_2023_2D1U_b06.csv,0.44414616279880714,0.4099789868530994
FECA_ECOLI_Tsuboyama_2023_2D1U_b07.csv,0.4455780338012693,0.41739729123010894
FECA_ECOLI_Tsuboyama_2023_2D1U_b08.csv,0.4495997647689584,0.40969672965456133
FECA_ECOLI_Tsuboyama_2023_2D1U_b09.csv,0.430646515617407,0.42306831293899316
GDIA_HUMAN_Silverstein_2021_b01.csv,0.4405730310738675,0.4363995545814079
GDIA_HUMAN_Silverstein_2021_b02.csv,0.447340906906589,0.4328715688266197
GDIA_HUMAN_Silverstein_2021_b03.csv,0.4396636074169766,0.43699941801602776
GDIA_HUMAN_Silverstein_2021_b04.csv,0.45110174884809223,0.4412834229000742
GDIA_HUMAN_Silverstein_2021_b05.csv,0.43195064979965087,0.4476422845442149
GDIA_HUMAN_Silverstein_2021_b06.csv,0.43547460720401576,0.44925325000096683
GDIA_HUMAN_Silverstein_2021_b07.csv,0.4324066169737925,0.4465458031585914
GDIA_HUMAN_Silverstein_2021_b08.csv,0.4326301372416512,0.44796948971479805
GDIA_HUMAN_Silverstein_2021_b09.csv,0.4327012864696782,0.44707556628716577
GLPA_HUMAN_Elazar_2016_b02.csv,0.4180941943909118,0.39143281462925045
GLPA_HUMAN_Elazar_2016_b03.csv,0.12248404161158793,0.22439698653308285
GLPA_HUMAN_Elazar_2016_b04.csv,0.1365408754355968,0.211996471807692
GLPA_HUMAN_Elazar_2016_b05.csv,0.17194264002168344,0.22064989569875676
GLPA_HUMAN_Elazar_2016_b06.csv,0.07488925963410475,0.2607783613536925
GLPA_HUMAN_Elazar_2016_b07.csv,0.10250679512134801,0.23780485517453026
GLPA_HUMAN_Elazar_2016_b08.csv,-0.15320587478058373,-0.07415219023163909
GLPA_HUMAN_Elazar_2016_b09.csv,-0.13824580056637595,-0.0912848191794377
HCP_LAMBD_Tsuboyama_2023_2L6Q_b01.csv,0.3428870726288078,0.32984909366486137
HCP_LAMBD_Tsuboyama_2023_2L6Q_b02.csv,0.32244934018859495,0.3585276535096401
HCP_LAMBD_Tsuboyama_2023_2L6Q_b03.csv,0.4865075823826849,0.39942877578799785
HCP_LAMBD_Tsuboyama_2023_2L6Q_b04.csv,0.45362178743923,0.3824659553370763
HCP_LAMBD_Tsuboyama_2023_2L6Q_b05.csv,0.4454689158455318,0.42725795673965217
HCP_LAMBD_Tsuboyama_2023_2L6Q_b06.csv,0.4478517446102456,0.4474923430946686
HCP_LAMBD_Tsuboyama_2023_2L6Q_b07.csv,0.4502604309175714,0.464950181276541
HCP_LAMBD_Tsuboyama_2023_2L6Q_b08.csv,0.465675777871149,0.4708756693143676
HCP_LAMBD_Tsuboyama_2023_2L6Q_b09.csv,0.4734718075094612,0.4822136496780797
HEM3_HUMAN_Loggerenberg_2023_b01.csv,0.4518938429852474,0.4576317506593707
HEM3_HUMAN_Loggerenberg_2023_b02.csv,0.45264710265042424,0.457656816287068
HEM3_HUMAN_Loggerenberg_2023_b03.csv,0.45351999087195444,0.4579947497614399
HEM3_HUMAN_Loggerenberg_2023_b04.csv,0.4540944622717405,0.4572155416370625
HEM3_HUMAN_Loggerenberg_2023_b05.csv,0.4566864352891751,0.45881740656164716
HEM3_HUMAN_Loggerenberg_2023_b06.csv,0.45704366551209585,0.4593816354480523
HEM3_HUMAN_Loggerenberg_2023_b07.csv,0.4565139270127662,0.4603101754609961
HEM3_HUMAN_Loggerenberg_2023_b08.csv,0.45879110710801363,0.46158540814552096
HEM3_HUMAN_Loggerenberg_2023_b09.csv,0.4512723169824144,0.4621707445658881
HMDH_HUMAN_Jiang_2019_b01.csv,0.41382649597212195,0.49692460754878764
HMDH_HUMAN_Jiang_2019_b02.csv,0.41067072267670235,0.49423745717776857
HMDH_HUMAN_Jiang_2019_b03.csv,0.4099243697202932,0.49179735063522834
HMDH_HUMAN_Jiang_2019_b04.csv,0.4169922810536597,0.49156358139716283
HMDH_HUMAN_Jiang_2019_b05.csv,0.42113602694645574,0.49341752140309736
HMDH_HUMAN_Jiang_2019_b06.csv,0.412805824453296,0.49162455918564274
HMDH_HUMAN_Jiang_2019_b07.csv,0.4176776369423862,0.4931443102206897
HMDH_HUMAN_Jiang_2019_b08.csv,0.41784908431728984,0.4907125005564394
HMDH_HUMAN_Jiang_2019_b09.csv,0.42534136978438886,0.49203918437599137
HSP82_YEAST_Cote-Hammarlof_2020_growth-H2O2_b01.csv,0.36208160406546547,0.31321116241856845
HSP82_YEAST_Cote-Hammarlof_2020_growth-H2O2_b02.csv,0.3626125021082179,0.32608018327440413
HSP82_YEAST_Cote-Hammarlof_2020_growth-H2O2_b03.csv,0.36521520538183866,0.3295665923556489
HSP82_YEAST_Cote-Hammarlof_2020_growth-H2O2_b04.csv,0.36385045087019696,0.32911914281751264
HSP82_YEAST_Cote-Hammarlof_2020_growth-H2O2_b05.csv,0.3558620465831283,0.32971541624149375
HSP82_YEAST_Cote-Hammarlof_2020_growth-H2O2_b06.csv,0.34564107718749554,0.3329922344211115
HSP82_YEAST_Cote-Hammarlof_2020_growth-H2O2_b07.csv,0.34742466663181415,0.3318640417311257
HSP82_YEAST_Cote-Hammarlof_2020_growth-H2O2_b08.csv,0.3294781744439582,0.3335104759965031
HSP82_YEAST_Cote-Hammarlof_2020_growth-H2O2_b09.csv,0.3388449261934853,0.3313511169414151
HSP82_YEAST_Flynn_2019_b01.csv,0.3720908952099628,0.3624419621444783
HSP82_YEAST_Flynn_2019_b02.csv,0.3696061744311304,0.35975820282164056
HSP82_YEAST_Flynn_2019_b03.csv,0.37154174898310954,0.35778186465735434
HSP82_YEAST_Flynn_2019_b04.csv,0.3715799920347393,0.3581733304445994
HSP82_YEAST_Flynn_2019_b05.csv,0.3674440784461684,0.3556095028024916
HSP82_YEAST_Flynn_2019_b06.csv,0.36491031530883233,0.3558057356776342
HSP82_YEAST_Flynn_2019_b07.csv,0.367976670955532,0.38268736237262907
HSP82_YEAST_Flynn_2019_b08.csv,0.3540813581093302,0.38433109086061057
HSP82_YEAST_Flynn_2019_b09.csv,0.3687601889136271,0.38912379802589103
HSP82_YEAST_Mishra_2016_b01.csv,0.48240602751567024,0.500417139837114
HSP82_YEAST_Mishra_2016_b02.csv,0.48148049894618794,0.5038238211181267
HSP82_YEAST_Mishra_2016_b03.csv,0.4876245484560594,0.5066931763670893
HSP82_YEAST_Mishra_2016_b04.csv,0.489920420138628,0.5074898753075512
HSP82_YEAST_Mishra_2016_b05.csv,0.4702866797007965,0.5023029087176554
HSP82_YEAST_Mishra_2016_b06.csv,0.4570921314548531,0.5029380635166831
HSP82_YEAST_Mishra_2016_b07.csv,0.4705572728717826,0.514865372398591
HSP82_YEAST_Mishra_2016_b08.csv,0.44817531621722656,0.5160599432435213
HSP82_YEAST_Mishra_2016_b09.csv,0.47755431738360304,0.5189007127151826
HXK4_HUMAN_Gersing_2022_activity_b01.csv,0.4999500389634645,0.47143845229688097
HXK4_HUMAN_Gersing_2022_activity_b02.csv,0.5000844896202149,0.4720011099324411
HXK4_HUMAN_Gersing_2022_activity_b03.csv,0.5052590976528989,0.47549725308129376
HXK4_HUMAN_Gersing_2022_activity_b04.csv,0.504569005799667,0.4769862778447612
HXK4_HUMAN_Gersing_2022_activity_b05.csv,0.5012504160410722,0.4766679013170606
HXK4_HUMAN_Gersing_2022_activity_b06.csv,0.5138028124104626,0.4877066250943219
HXK4_HUMAN_Gersing_2022_activity_b07.csv,0.514991907941904,0.4913856367404491
HXK4_HUMAN_Gersing_2022_activity_b08.csv,0.513165099858922,0.4922376565105778
HXK4_HUMAN_Gersing_2022_activity_b09.csv,0.5094108687716734,0.49639382880654415
HXK4_HUMAN_Gersing_2023_abundance_b01.csv,0.37130598202920684,0.3427675889686313
HXK4_HUMAN_Gersing_2023_abundance_b02.csv,0.37284167888247066,0.34367009815512617
HXK4_HUMAN_Gersing_2023_abundance_b03.csv,0.37346621327991564,0.34644351622250374
HXK4_HUMAN_Gersing_2023_abundance_b04.csv,0.373142924594789,0.3465972084861149
HXK4_HUMAN_Gersing_2023_abundance_b05.csv,0.37900169124503635,0.34836192207177163
HXK4_HUMAN_Gersing_2023_abundance_b06.csv,0.38013476905579624,0.3548670638732575
HXK4_HUMAN_Gersing_2023_abundance_b07.csv,0.38153130293722104,0.36072696248063707
HXK4_HUMAN_Gersing_2023_abundance_b08.csv,0.3785322667487108,0.3542350895560119
HXK4_HUMAN_Gersing_2023_abundance_b09.csv,0.37470763703113896,0.34897584322922015
I6TAH8_I68A0_Doud_2015_b01.csv,0.33663616313227074,0.31851990512037687
I6TAH8_I68A0_Doud_2015_b02.csv,0.3357422387343464,0.3175812496653779
I6TAH8_I68A0_Doud_2015_b03.csv,0.3629729713194453,0.3474439331991003
I6TAH8_I68A0_Doud_2015_b04.csv,0.36297889987500076,0.34744209301655077
I6TAH8_I68A0_Doud_2015_b05.csv,0.3711292840275733,0.3590799796040116
I6TAH8_I68A0_Doud_2015_b06.csv,0.369366399853852,0.3556672200368751
I6TAH8_I68A0_Doud_2015_b07.csv,0.3723962873040392,0.3509052967495335
I6TAH8_I68A0_Doud_2015_b08.csv,0.3753469414595443,0.3593885065320796
I6TAH8_I68A0_Doud_2015_b09.csv,0.30153921476671214,0.37330824929618694
ISDH_STAAW_Tsuboyama_2023_2LHR_b01.csv,0.23651522246237616,0.20780084806527557
ISDH_STAAW_Tsuboyama_2023_2LHR_b02.csv,0.2799790257139165,0.26740835297837184
ISDH_STAAW_Tsuboyama_2023_2LHR_b03.csv,0.22205121055417015,0.10866984215338146
ISDH_STAAW_Tsuboyama_2023_2LHR_b04.csv,0.3250926082421099,0.3085010960623406
ISDH_STAAW_Tsuboyama_2023_2LHR_b05.csv,0.27065922629918737,0.274147337878833
ISDH_STAAW_Tsuboyama_2023_2LHR_b06.csv,0.27124337404842985,0.2764777273898096
ISDH_STAAW_Tsuboyama_2023_2LHR_b07.csv,0.272108802165241,0.274147075813585
ISDH_STAAW_Tsuboyama_2023_2LHR_b08.csv,0.2682154871216353,0.27650382395769574
ISDH_STAAW_Tsuboyama_2023_2LHR_b09.csv,0.2681839902123096,0.27650382395769574
KCNE1_HUMAN_Muhammad_2023_expression_b01.csv,0.1267712350522823,0.2138294445958925
KCNE1_HUMAN_Muhammad_2023_expression_b02.csv,0.11142094260980963,0.10850097244991398
KCNE1_HUMAN_Muhammad_2023_expression_b03.csv,0.11239386155655351,0.09820171484119528
KCNE1_HUMAN_Muhammad_2023_expression_b04.csv,0.11062429017530692,0.09387963136027695
KCNE1_HUMAN_Muhammad_2023_expression_b05.csv,0.11177068622806137,0.10184276020961432
KCNE1_HUMAN_Muhammad_2023_expression_b06.csv,0.11719209760134787,0.11053353831989839
KCNE1_HUMAN_Muhammad_2023_expression_b07.csv,0.11279818629817627,0.11570756034627475
KCNE1_HUMAN_Muhammad_2023_expression_b08.csv,0.0979491220097485,0.11244169738496174
KCNE1_HUMAN_Muhammad_2023_expression_b09.csv,0.08209263509321817,0.11812862429217451
KCNE1_HUMAN_Muhammad_2023_function_b01.csv,0.459444987698239,0.18556305375711718
KCNE1_HUMAN_Muhammad_2023_function_b02.csv,0.5017858566929942,0.41121864369770994
KCNE1_HUMAN_Muhammad_2023_function_b03.csv,0.5132528596634496,0.4352991663129022
KCNE1_HUMAN_Muhammad_2023_function_b04.csv,0.5144737508013086,0.4384553573154169
KCNE1_HUMAN_Muhammad_2023_function_b05.csv,0.535856796284393,0.4755272388073739
KCNE1_HUMAN_Muhammad_2023_function_b06.csv,0.5296468935248778,0.4668229179809787
KCNE1_HUMAN_Muhammad_2023_function_b07.csv,0.5338249508657367,0.4716350419029994
KCNE1_HUMAN_Muhammad_2023_function_b08.csv,0.5249595577330683,0.46442730335680765
KCNE1_HUMAN_Muhammad_2023_function_b09.csv,0.5168084607855379,0.4389660316708132
LYAM1_HUMAN_Elazar_2016_b02.csv,,
LYAM1_HUMAN_Elazar_2016_b03.csv,,
LYAM1_HUMAN_Elazar_2016_b04.csv,,
LYAM1_HUMAN_Elazar_2016_b05.csv,,
LYAM1_HUMAN_Elazar_2016_b06.csv,,
LYAM1_HUMAN_Elazar_2016_b07.csv,,
LYAM1_HUMAN_Elazar_2016_b08.csv,,
LYAM1_HUMAN_Elazar_2016_b09.csv,,
MAFG_MOUSE_Tsuboyama_2023_1K1V_b01.csv,0.46438301148940275,0.5617589355571662
MAFG_MOUSE_Tsuboyama_2023_1K1V_b02.csv,0.3562038025595095,0.4894962588180711
MAFG_MOUSE_Tsuboyama_2023_1K1V_b03.csv,0.6352010085260179,0.5789372932129099
MAFG_MOUSE_Tsuboyama_2023_1K1V_b04.csv,0.6407668375730066,0.5158873175948396
MAFG_MOUSE_Tsuboyama_2023_1K1V_b05.csv,0.6393156035735882,0.582227381861582
MAFG_MOUSE_Tsuboyama_2023_1K1V_b06.csv,0.6241123534799303,0.5858833388673153
MAFG_MOUSE_Tsuboyama_2023_1K1V_b07.csv,0.6360618355213449,0.6126889965359693
MAFG_MOUSE_Tsuboyama_2023_1K1V_b08.csv,0.6340180346624421,0.6125037072352966
MAFG_MOUSE_Tsuboyama_2023_1K1V_b09.csv,0.6375757833552079,0.611091809177273
MBD11_ARATH_Tsuboyama_2023_6ACV_b02.csv,0.7052242691888877,0.6434912125025561
MBD11_ARATH_Tsuboyama_2023_6ACV_b03.csv,0.732808922107048,0.6778110843262916
MBD11_ARATH_Tsuboyama_2023_6ACV_b04.csv,0.7391084243528167,0.6781215988353536
MBD11_ARATH_Tsuboyama_2023_6ACV_b05.csv,0.7364243288829155,0.637339171847604
MBD11_ARATH_Tsuboyama_2023_6ACV_b06.csv,0.7135155690161631,0.7076686158057249
MBD11_ARATH_Tsuboyama_2023_6ACV_b07.csv,0.7056166651386397,0.6920145450615561
MBD11_ARATH_Tsuboyama_2023_6ACV_b08.csv,0.6960201012154398,0.6919632175859859
MBD11_ARATH_Tsuboyama_2023_6ACV_b09.csv,0.682408501659962,0.6888505917294359
MET_HUMAN_Estevam_2023_b05.csv,0.5383117105656969,0.38801331169977693
MET_HUMAN_Estevam_2023_b06.csv,0.5401236716832901,0.40401647531402396
MET_HUMAN_Estevam_2023_b07.csv,0.5640014541306739,0.4694569728741943
MET_HUMAN_Estevam_2023_b08.csv,0.5819000764661352,0.506428203070424
MET_HUMAN_Estevam_2023_b09.csv,0.5806979552969237,0.5132426229921203
MLAC_ECOLI_MacRae_2023_b01.csv,0.37824366806737814,0.2506516263682792
MLAC_ECOLI_MacRae_2023_b02.csv,0.38284299647284353,0.26015464879078115
MLAC_ECOLI_MacRae_2023_b03.csv,0.381117559336072,0.2558476273509597
MLAC_ECOLI_MacRae_2023_b04.csv,0.3802136559479484,0.26009229296510805
MLAC_ECOLI_MacRae_2023_b05.csv,0.38396378054322367,0.26345540109410215
MLAC_ECOLI_MacRae_2023_b06.csv,0.38999949877439255,0.28128714533778143
MLAC_ECOLI_MacRae_2023_b07.csv,0.3914773348038416,0.3261757637120278
MLAC_ECOLI_MacRae_2023_b08.csv,0.3946060670245805,0.37253845320912765
MLAC_ECOLI_MacRae_2023_b09.csv,0.39489166202330367,0.3761454791406372
MTHR_HUMAN_Weile_2021_b01.csv,0.26717914289640327,0.26084091454508823
MTHR_HUMAN_Weile_2021_b02.csv,0.27178504536695874,0.2612540811316242
MTHR_HUMAN_Weile_2021_b03.csv,0.2813725149988476,0.2648789827342717
MTHR_HUMAN_Weile_2021_b04.csv,0.27710331676966443,0.26474049021399976
MTHR_HUMAN_Weile_2021_b05.csv,0.27935691587935024,0.2637346094543081
MTHR_HUMAN_Weile_2021_b06.csv,0.2805050161952429,0.26527638611930543
MTHR_HUMAN_Weile_2021_b07.csv,0.280421615738234,0.264195254774667
MTHR_HUMAN_Weile_2021_b08.csv,0.27495192204262253,0.2610472294687852
MTHR_HUMAN_Weile_2021_b09.csv,0.2712658292549851,0.2608963102399288
MYO3_YEAST_Tsuboyama_2023_2BTT_b01.csv,0.5154865720594761,0.3594426173717189
MYO3_YEAST_Tsuboyama_2023_2BTT_b02.csv,0.5254458537904306,0.35760227769987996
MYO3_YEAST_Tsuboyama_2023_2BTT_b03.csv,0.4867466182636647,0.3546774969087389
MYO3_YEAST_Tsuboyama_2023_2BTT_b04.csv,0.456761896400649,0.33715542827514994
MYO3_YEAST_Tsuboyama_2023_2BTT_b05.csv,0.4197069860193682,0.32020137198831744
MYO3_YEAST_Tsuboyama_2023_2BTT_b06.csv,0.3677926923093797,0.3147711047025099
MYO3_YEAST_Tsuboyama_2023_2BTT_b07.csv,0.3799750602747465,0.2977159735047492
MYO3_YEAST_Tsuboyama_2023_2BTT_b08.csv,0.3505464874368552,0.2833495071540615
MYO3_YEAST_Tsuboyama_2023_2BTT_b09.csv,0.3545336203223518,0.3485793230693002
NKX31_HUMAN_Tsuboyama_2023_2L9R_b02.csv,0.5441192396775519,0.5009564688276672
NKX31_HUMAN_Tsuboyama_2023_2L9R_b03.csv,0.5975777952254314,0.5941533626623875
NKX31_HUMAN_Tsuboyama_2023_2L9R_b04.csv,0.6002797698511717,0.5756759543449874
NKX31_HUMAN_Tsuboyama_2023_2L9R_b05.csv,0.5984993381673953,0.5734717085661446
NKX31_HUMAN_Tsuboyama_2023_2L9R_b06.csv,0.5937175324221924,0.5475891176855818
NKX31_HUMAN_Tsuboyama_2023_2L9R_b07.csv,0.6065615661028985,0.5357887848793901
NKX31_HUMAN_Tsuboyama_2023_2L9R_b08.csv,0.5889738402958942,0.5104251316385795
NKX31_HUMAN_Tsuboyama_2023_2L9R_b09.csv,0.5879122638104274,0.4861408911179083
NPC1_HUMAN_Erwood_2022_HEK293T_b01.csv,0.6991301090718067,0.6720805154694254
NPC1_HUMAN_Erwood_2022_HEK293T_b02.csv,0.6920398909837084,0.6697789551542913
NPC1_HUMAN_Erwood_2022_HEK293T_b03.csv,0.693071987476563,0.6681507686379966
NPC1_HUMAN_Erwood_2022_HEK293T_b04.csv,0.6942205839812022,0.67593237155563
NPC1_HUMAN_Erwood_2022_HEK293T_b05.csv,0.69517762193353,0.6777156832131379
NPC1_HUMAN_Erwood_2022_HEK293T_b06.csv,0.6956203244240504,0.6758150008184671
NPC1_HUMAN_Erwood_2022_HEK293T_b07.csv,0.6980564232969942,0.6826263275130751
NPC1_HUMAN_Erwood_2022_HEK293T_b08.csv,0.6993097375074718,0.68414392406689
NPC1_HUMAN_Erwood_2022_HEK293T_b09.csv,0.6964852325331213,0.6865441287445326
NPC1_HUMAN_Erwood_2022_RPE1_b01.csv,0.7049335750024592,0.8016369244639815
NPC1_HUMAN_Erwood_2022_RPE1_b02.csv,0.6999651974054042,0.7701465311918253
NPC1_HUMAN_Erwood_2022_RPE1_b03.csv,0.685540101097046,0.7310475596671742
NPC1_HUMAN_Erwood_2022_RPE1_b04.csv,0.671003682325701,0.7743236540175233
NPC1_HUMAN_Erwood_2022_RPE1_b05.csv,0.6886717815741167,0.7896973099919056
NPC1_HUMAN_Erwood_2022_RPE1_b06.csv,0.6875675253710908,0.7762548364799757
NPC1_HUMAN_Erwood_2022_RPE1_b07.csv,0.6918405167654087,0.7804796138694392
NPC1_HUMAN_Erwood_2022_RPE1_b08.csv,0.6947211851211287,0.7735036134483205
NPC1_HUMAN_Erwood_2022_RPE1_b09.csv,0.6868953694214227,0.7643006368211523
NUSG_MYCTU_Tsuboyama_2023_2MI6_b01.csv,0.3574326224769582,0.36638613373702716
NUSG_MYCTU_Tsuboyama_2023_2MI6_b02.csv,0.4033972983100094,0.42700046807423897
NUSG_MYCTU_Tsuboyama_2023_2MI6_b03.csv,0.42131078167841346,0.44789357365940374
NUSG_MYCTU_Tsuboyama_2023_2MI6_b04.csv,0.4368152530845344,0.46293024339777517
NUSG_MYCTU_Tsuboyama_2023_2MI6_b05.csv,0.4292389668402899,0.4615475006095162
NUSG_MYCTU_Tsuboyama_2023_2MI6_b06.csv,0.38790675460170937,0.40947034634647195
NUSG_MYCTU_Tsuboyama_2023_2MI6_b07.csv,0.3936775637324081,0.4075880727599861
NUSG_MYCTU_Tsuboyama_2023_2MI6_b08.csv,0.39028774165410984,0.396533841772198
NUSG_MYCTU_Tsuboyama_2023_2MI6_b09.csv,0.39575894663673544,0.39238675701750053
ODP2_GEOSE_Tsuboyama_2023_1W4G_b01.csv,0.33941898901724304,0.42902266532858724
ODP2_GEOSE_Tsuboyama_2023_1W4G_b02.csv,0.34519703264930923,0.39287507133530003
ODP2_GEOSE_Tsuboyama_2023_1W4G_b03.csv,0.35680386985881407,0.39044947481880277
ODP2_GEOSE_Tsuboyama_2023_1W4G_b04.csv,0.38027378500136766,0.4192970803595405
ODP2_GEOSE_Tsuboyama_2023_1W4G_b05.csv,0.38077507640319985,0.4312683697722501
ODP2_GEOSE_Tsuboyama_2023_1W4G_b06.csv,0.379195649316657,0.429146573933873
ODP2_GEOSE_Tsuboyama_2023_1W4G_b07.csv,0.3824077599170541,0.43082228365831243
ODP2_GEOSE_Tsuboyama_2023_1W4G_b08.csv,0.392953363356119,0.43361947594932404
ODP2_GEOSE_Tsuboyama_2023_1W4G_b09.csv,0.3936619417740081,0.4419543335766103
OPSD_HUMAN_Wan_2019_b04.csv,0.4418345249873989,0.39293781619280527
OPSD_HUMAN_Wan_2019_b05.csv,0.47184833946272886,0.39522000485373454
OPSD_HUMAN_Wan_2019_b06.csv,0.4860386092780458,0.4383458484623524
OPSD_HUMAN_Wan_2019_b07.csv,0.5131652457826955,0.4926428441864684
OPSD_HUMAN_Wan_2019_b08.csv,0.47525425896625917,0.3955390112077076
OPSD_HUMAN_Wan_2019_b09.csv,0.4669301603686162,0.4193861420135218
OTC_HUMAN_Lo_2023_b01.csv,0.5464432403700241,0.5264359226585953
OTC_HUMAN_Lo_2023_b02.csv,0.547868394515426,0.526018325494605
OTC_HUMAN_Lo_2023_b03.csv,0.5487759166949655,0.5263395216717016
OTC_HUMAN_Lo_2023_b04.csv,0.5539995973308818,0.523364052988472
OTC_HUMAN_Lo_2023_b05.csv,0.5484496365950076,0.5229248182696365
OTC_HUMAN_Lo_2023_b06.csv,0.5648215984592986,0.5407399324543781
OTC_HUMAN_Lo_2023_b07.csv,0.5674141021738565,0.5503171594032847
OTC_HUMAN_Lo_2023_b08.csv,0.5655458593509389,0.5402059903059694
OTC_HUMAN_Lo_2023_b09.csv,0.5635335428059127,0.5306186307820736
OTU7A_HUMAN_Tsuboyama_2023_2L2D_b02.csv,0.391924723043417,0.23742636685163265
OTU7A_HUMAN_Tsuboyama_2023_2L2D_b03.csv,0.45688677649888165,0.2817887486217728
OTU7A_HUMAN_Tsuboyama_2023_2L2D_b04.csv,0.3902155000632469,0.5648244320711869
OTU7A_HUMAN_Tsuboyama_2023_2L2D_b05.csv,0.3644906260094263,0.48290427983459433
OTU7A_HUMAN_Tsuboyama_2023_2L2D_b06.csv,0.3137529303160051,0.3951038432755355
OTU7A_HUMAN_Tsuboyama_2023_2L2D_b07.csv,0.32018621491168847,0.3794246146249084
OTU7A_HUMAN_Tsuboyama_2023_2L2D_b08.csv,0.3659433028039556,0.357272554444278
OTU7A_HUMAN_Tsuboyama_2023_2L2D_b09.csv,0.2892287696578395,0.22358046993782693
OXDA_RHOTO_Vanella_2023_activity_b02.csv,0.36192826567733344,0.1811776191715463
OXDA_RHOTO_Vanella_2023_activity_b03.csv,0.38363013048497224,0.27090058079812246
OXDA_RHOTO_Vanella_2023_activity_b04.csv,0.40576635724005033,0.32205827401766596
OXDA_RHOTO_Vanella_2023_activity_b05.csv,0.4013842938369416,0.32155040543082053
OXDA_RHOTO_Vanella_2023_activity_b06.csv,0.39959492656317236,0.3219171400080488
OXDA_RHOTO_Vanella_2023_activity_b07.csv,0.4023529836604452,0.3315669953424337
OXDA_RHOTO_Vanella_2023_activity_b08.csv,0.4140894628041377,0.3491424888972653
OXDA_RHOTO_Vanella_2023_activity_b09.csv,0.4063831839297882,0.3742037122049956
OXDA_RHOTO_Vanella_2023_expression_b02.csv,0.2662299281747414,0.2273113169478253
OXDA_RHOTO_Vanella_2023_expression_b03.csv,0.25861423377501225,0.23801102773473565
OXDA_RHOTO_Vanella_2023_expression_b04.csv,0.26548294801542255,0.24749878543087844
OXDA_RHOTO_Vanella_2023_expression_b05.csv,0.2674092235519975,0.24502946498397857
OXDA_RHOTO_Vanella_2023_expression_b06.csv,0.26620603955884253,0.24100118833747555
OXDA_RHOTO_Vanella_2023_expression_b07.csv,0.2695936281597018,0.24237416101204287
OXDA_RHOTO_Vanella_2023_expression_b08.csv,0.26335931938730334,0.23418234238598598
OXDA_RHOTO_Vanella_2023_expression_b09.csv,0.2507877899306516,0.22616871778647724
P53_HUMAN_Giacomelli_2018_Null_Etoposide_b01.csv,0.424324646039576,0.42003133807112536
P53_HUMAN_Giacomelli_2018_Null_Etoposide_b02.csv,0.4418621464293275,0.4261054569605009
P53_HUMAN_Giacomelli_2018_Null_Etoposide_b03.csv,0.440381962540377,0.4236811706070454
P53_HUMAN_Giacomelli_2018_Null_Etoposide_b04.csv,0.4453773483988702,0.4382053486788169
P53_HUMAN_Giacomelli_2018_Null_Etoposide_b05.csv,0.4476844106165096,0.44130690216678065
P53_HUMAN_Giacomelli_2018_Null_Etoposide_b06.csv,0.43900180918059156,0.45140890051763377
P53_HUMAN_Giacomelli_2018_Null_Etoposide_b07.csv,0.44230747119607605,0.44745351944200784
P53_HUMAN_Giacomelli_2018_Null_Etoposide_b08.csv,0.4419190809660472,0.449944217522177
P53_HUMAN_Giacomelli_2018_Null_Etoposide_b09.csv,0.4592032607233158,0.45968325175871816
P53_HUMAN_Giacomelli_2018_Null_Nutlin_b01.csv,0.383819717757713,0.3561510962996105
P53_HUMAN_Giacomelli_2018_Null_Nutlin_b02.csv,0.40314364919664586,0.3609107050220234
P53_HUMAN_Giacomelli_2018_Null_Nutlin_b03.csv,0.40080935877972,0.35846646763059214
P53_HUMAN_Giacomelli_2018_Null_Nutlin_b04.csv,0.4065588939641107,0.37317867161377466
P53_HUMAN_Giacomelli_2018_Null_Nutlin_b05.csv,0.4090473302252148,0.37761301138464354
P53_HUMAN_Giacomelli_2018_Null_Nutlin_b06.csv,0.40214168840556913,0.39005061319222584
P53_HUMAN_Giacomelli_2018_Null_Nutlin_b07.csv,0.40737606844433133,0.39118936545833827
P53_HUMAN_Giacomelli_2018_Null_Nutlin_b08.csv,0.40909015301163043,0.3966811954496203
P53_HUMAN_Giacomelli_2018_Null_Nutlin_b09.csv,0.4195916358769871,0.4050850090394382
P53_HUMAN_Giacomelli_2018_WT_Nutlin_b01.csv,0.42579618126875857,0.409611159193331
P53_HUMAN_Giacomelli_2018_WT_Nutlin_b02.csv,0.4495486432639577,0.41846096613899464
P53_HUMAN_Giacomelli_2018_WT_Nutlin_b03.csv,0.44327449739176533,0.4162266577314643
P53_HUMAN_Giacomelli_2018_WT_Nutlin_b04.csv,0.4523914578131035,0.43146951271974976
P53_HUMAN_Giacomelli_2018_WT_Nutlin_b05.csv,0.4582492828047124,0.43944842580137217
P53_HUMAN_Giacomelli_2018_WT_Nutlin_b06.csv,0.444719188620604,0.4521076308004521
P53_HUMAN_Giacomelli_2018_WT_Nutlin_b07.csv,0.456257298781567,0.4592756888266267
P53_HUMAN_Giacomelli_2018_WT_Nutlin_b08.csv,0.46654315960677345,0.4723486565535981
P53_HUMAN_Giacomelli_2018_WT_Nutlin_b09.csv,0.49073219691530007,0.4931428843565837
P53_HUMAN_Kotler_2018_b01.csv,0.6201774644886153,0.6760066319617691
P53_HUMAN_Kotler_2018_b02.csv,0.6502124872901702,0.6795830646394622
P53_HUMAN_Kotler_2018_b03.csv,0.6449291171182571,0.6802826590219471
P53_HUMAN_Kotler_2018_b04.csv,0.6400926302997901,0.6828908488456041
P53_HUMAN_Kotler_2018_b05.csv,0.6347898668675388,0.6739582078720273
P53_HUMAN_Kotler_2018_b06.csv,0.6120856918318183,0.6641985662322567
P53_HUMAN_Kotler_2018_b07.csv,0.6139295040744037,0.6576633065231339
P53_HUMAN_Kotler_2018_b08.csv,0.6037894496587044,0.6461505625082994
P53_HUMAN_Kotler_2018_b09.csv,0.6101065575087203,0.6473628013079944
PAI1_HUMAN_Huttinger_2021_b01.csv,0.3881943349416894,0.4061624238047146
PAI1_HUMAN_Huttinger_2021_b02.csv,0.38964223311313506,0.40612459830598746
PAI1_HUMAN_Huttinger_2021_b03.csv,0.38900149288614144,0.40753545288069026
PAI1_HUMAN_Huttinger_2021_b04.csv,0.39557936467491644,0.407793047782347
PAI1_HUMAN_Huttinger_2021_b05.csv,0.39477550630004377,0.40370466585319736
PAI1_HUMAN_Huttinger_2021_b06.csv,0.3984198614229985,0.40565176944130305
PAI1_HUMAN_Huttinger_2021_b07.csv,0.4042321397820352,0.40393949420050707
PAI1_HUMAN_Huttinger_2021_b08.csv,0.41299487936465423,0.4095629296163592
PAI1_HUMAN_Huttinger_2021_b09.csv,0.4143972238316086,0.4171524827576168
PHOT_CHLRE_Chen_2023_b02.csv,0.7875712277902777,0.4049613635604391
PHOT_CHLRE_Chen_2023_b03.csv,0.7985138198709334,0.4101150273973033
PHOT_CHLRE_Chen_2023_b04.csv,0.6834547460235554,0.5170429185032499
PHOT_CHLRE_Chen_2023_b05.csv,0.6481711273129186,0.6859390082247405
PHOT_CHLRE_Chen_2023_b06.csv,0.6414216179229943,0.7345906052024769
PHOT_CHLRE_Chen_2023_b07.csv,0.6226212127188424,0.7329820586228198
PHOT_CHLRE_Chen_2023_b08.csv,0.5403719710056633,0.7241473955020276
PHOT_CHLRE_Chen_2023_b09.csv,0.5270044171251352,0.6000744347327779
PITX2_HUMAN_Tsuboyama_2023_2L7M_b03.csv,0.5053677233294804,0.5723893326520338
PITX2_HUMAN_Tsuboyama_2023_2L7M_b04.csv,0.5201141538839912,0.5788608092304494
PITX2_HUMAN_Tsuboyama_2023_2L7M_b05.csv,0.5311427209842867,0.5753392266801557
PITX2_HUMAN_Tsuboyama_2023_2L7M_b06.csv,0.535547130631987,0.5769678437936154
PITX2_HUMAN_Tsuboyama_2023_2L7M_b07.csv,0.5472242903489095,0.5685520953039037
PITX2_HUMAN_Tsuboyama_2023_2L7M_b08.csv,0.5431629388925099,0.5622962263341847
PITX2_HUMAN_Tsuboyama_2023_2L7M_b09.csv,0.5414923854778937,0.5556671700319658
POLG_DEN26_Suphatrakul_2023_b01.csv,0.5783189550982483,0.5002032851694187
POLG_DEN26_Suphatrakul_2023_b02.csv,0.5791795816011419,0.5017117038710873
POLG_DEN26_Suphatrakul_2023_b03.csv,0.5798794490102324,0.5032784380810473
POLG_DEN26_Suphatrakul_2023_b04.csv,0.5804778778444584,0.5056715439234546
POLG_DEN26_Suphatrakul_2023_b05.csv,0.5927683316010272,0.5471009571477877
POLG_DEN26_Suphatrakul_2023_b06.csv,0.5940413649860866,0.5594934400219157
POLG_DEN26_Suphatrakul_2023_b07.csv,0.5933698398491739,0.5591563726459644
POLG_DEN26_Suphatrakul_2023_b08.csv,0.5941796563403231,0.5593044684169685
POLG_DEN26_Suphatrakul_2023_b09.csv,0.5964926988545203,0.5635983924416892
POLG_PESV_Tsuboyama_2023_2MXD_b01.csv,0.4185246413176763,0.25033644956484474
POLG_PESV_Tsuboyama_2023_2MXD_b02.csv,0.3943069611056482,0.37121533671332674
POLG_PESV_Tsuboyama_2023_2MXD_b03.csv,0.5620757392071449,0.2939286776808595
POLG_PESV_Tsuboyama_2023_2MXD_b04.csv,0.4595990794872529,0.4573396034617366
POLG_PESV_Tsuboyama_2023_2MXD_b05.csv,0.4340660063318289,0.4598206025051154
POLG_PESV_Tsuboyama_2023_2MXD_b06.csv,0.4574334927124994,0.48067854072198557
POLG_PESV_Tsuboyama_2023_2MXD_b07.csv,0.47734500770676513,0.4926129393284005
POLG_PESV_Tsuboyama_2023_2MXD_b08.csv,0.4965459029071475,0.49337333972096575
POLG_PESV_Tsuboyama_2023_2MXD_b09.csv,0.45573255297589266,0.4782973334100532
PPARG_HUMAN_Majithia_2016_b01.csv,0.5780921803741371,0.4131456699706023
PPARG_HUMAN_Majithia_2016_b02.csv,0.5594931629921628,0.4369903285280164
PPARG_HUMAN_Majithia_2016_b03.csv,0.5464449563504618,0.4408536593003535
PPARG_HUMAN_Majithia_2016_b04.csv,0.5506139711538737,0.46040358915741575
PPARG_HUMAN_Majithia_2016_b05.csv,0.5516429192036597,0.48824122479463883
PPARG_HUMAN_Majithia_2016_b06.csv,0.5708652951902589,0.5344855264867384
PPARG_HUMAN_Majithia_2016_b07.csv,0.6288059180019749,0.6167557717630093
PPARG_HUMAN_Majithia_2016_b08.csv,0.6408340880331512,0.6222765255794652
PPARG_HUMAN_Majithia_2016_b09.csv,0.6410643609422486,0.6239778845348593
PPM1D_HUMAN_Miller_2022_b01.csv,0.5815124671515369,0.5515988073024963
PPM1D_HUMAN_Miller_2022_b02.csv,0.5902775369807409,0.5528529855957149
PPM1D_HUMAN_Miller_2022_b03.csv,0.605137155302258,0.5842933717335229
PPM1D_HUMAN_Miller_2022_b07.csv,0.5534530330070254,0.5862936592470965
PPM1D_HUMAN_Miller_2022_b08.csv,0.5718682028926135,0.5735570150788522
PPM1D_HUMAN_Miller_2022_b09.csv,0.575000841606443,0.5633081502546864
PR40A_HUMAN_Tsuboyama_2023_1UZC_b01.csv,0.6594197177039021,0.6731308781979921
PR40A_HUMAN_Tsuboyama_2023_1UZC_b02.csv,0.698987266945838,0.7267058787112404
PR40A_HUMAN_Tsuboyama_2023_1UZC_b03.csv,0.7171416958694661,0.7418879616397666
PR40A_HUMAN_Tsuboyama_2023_1UZC_b04.csv,0.7669289574484265,0.7633053680054404
PR40A_HUMAN_Tsuboyama_2023_1UZC_b05.csv,0.7458732249113986,0.7702512497543315
PR40A_HUMAN_Tsuboyama_2023_1UZC_b06.csv,0.7361483004821391,0.7668189983885078
PR40A_HUMAN_Tsuboyama_2023_1UZC_b07.csv,0.7133413344733771,0.7215311143336669
PR40A_HUMAN_Tsuboyama_2023_1UZC_b08.csv,0.7242327661265622,0.6215980879739129
PR40A_HUMAN_Tsuboyama_2023_1UZC_b09.csv,0.7578080987886142,0.643674899453504
PRKN_HUMAN_Clausen_2023_b01.csv,0.5945511964616425,0.49436057391034016
PRKN_HUMAN_Clausen_2023_b02.csv,0.5900622780217518,0.46494233987018074
PRKN_HUMAN_Clausen_2023_b03.csv,0.6144588722960566,0.6110085604345363
PRKN_HUMAN_Clausen_2023_b04.csv,0.6128369080412935,0.61003080345249
PRKN_HUMAN_Clausen_2023_b05.csv,0.6177616109329216,0.6123490587197412
PRKN_HUMAN_Clausen_2023_b06.csv,0.6178599326153794,0.6132760497134786
PRKN_HUMAN_Clausen_2023_b07.csv,0.6182814444482451,0.6120527823888816
PRKN_HUMAN_Clausen_2023_b08.csv,0.6173265869782413,0.6103946999584176
PRKN_HUMAN_Clausen_2023_b09.csv,0.6177449133388058,0.6124850724729655
Q2N0S5_9HIV1_Haddox_2018_b01.csv,0.410887598961248,0.48275200309627375
Q2N0S5_9HIV1_Haddox_2018_b02.csv,0.4630485593408757,0.48428839820928354
Q2N0S5_9HIV1_Haddox_2018_b03.csv,0.4585288086649977,0.4848127887049872
Q2N0S5_9HIV1_Haddox_2018_b04.csv,0.4605025765965716,0.4835552262910035
Q2N0S5_9HIV1_Haddox_2018_b05.csv,0.41106658652441097,0.48639759610904304
Q2N0S5_9HIV1_Haddox_2018_b06.csv,0.4640836917044169,0.49040158483931806
Q2N0S5_9HIV1_Haddox_2018_b07.csv,0.4578948059472171,0.4873946531180044
Q2N0S5_9HIV1_Haddox_2018_b08.csv,0.40782637254821874,0.48367828065097646
Q2N0S5_9HIV1_Haddox_2018_b09.csv,0.4295144951206381,0.480055853660288
Q53Z42_HUMAN_McShan_2019_binding-TAPBPR_b01.csv,0.33892782301930524,0.3562382493565621
Q53Z42_HUMAN_McShan_2019_binding-TAPBPR_b02.csv,0.3257101128401157,0.3578127293935723
Q53Z42_HUMAN_McShan_2019_binding-TAPBPR_b03.csv,0.3273506067768028,0.35709480575523156
Q53Z42_HUMAN_McShan_2019_binding-TAPBPR_b04.csv,0.3291154345973034,0.3588780161257494
Q53Z42_HUMAN_McShan_2019_binding-TAPBPR_b05.csv,0.3253445509931409,0.3517183998973582
Q53Z42_HUMAN_McShan_2019_binding-TAPBPR_b06.csv,0.3378217935427739,0.3568742041624215
Q53Z42_HUMAN_McShan_2019_binding-TAPBPR_b07.csv,0.334339281725106,0.35482979137137116
Q53Z42_HUMAN_McShan_2019_binding-TAPBPR_b08.csv,0.3333777047729051,0.3462455294910696
Q53Z42_HUMAN_McShan_2019_binding-TAPBPR_b09.csv,0.3355096745120709,0.35114433604364037
Q53Z42_HUMAN_McShan_2019_expression_b01.csv,0.48261679895453846,0.524250995266473
Q53Z42_HUMAN_McShan_2019_expression_b02.csv,0.4904942108202106,0.5222534371029115
Q53Z42_HUMAN_McShan_2019_expression_b03.csv,0.48946200966286213,0.5229392532044337
Q53Z42_HUMAN_McShan_2019_expression_b04.csv,0.486707721401058,0.5262981116425689
Q53Z42_HUMAN_McShan_2019_expression_b05.csv,0.4904202337997152,0.5364287821333572
Q53Z42_HUMAN_McShan_2019_expression_b06.csv,0.4964738985202775,0.5498709888206899
Q53Z42_HUMAN_McShan_2019_expression_b07.csv,0.4959209463726864,0.5513127832800807
Q53Z42_HUMAN_McShan_2019_expression_b08.csv,0.49435943390831555,0.5589485206645377
Q53Z42_HUMAN_McShan_2019_expression_b09.csv,0.4968752729150971,0.557377996761257
Q837P4_ENTFA_Meier_2023_b04.csv,0.5054216514732502,0.45797869149484477
Q837P4_ENTFA_Meier_2023_b05.csv,0.5092098884453093,0.44921613867837745
Q837P4_ENTFA_Meier_2023_b06.csv,0.4931249075313962,0.4524845890237859
Q837P4_ENTFA_Meier_2023_b07.csv,0.49663846828963015,0.45284383611142204
Q837P4_ENTFA_Meier_2023_b08.csv,0.4669188172055591,0.45152792575978373
Q837P4_ENTFA_Meier_2023_b09.csv,0.4576361113563378,0.4509696876099917
Q837P5_ENTFA_Meier_2023_b04.csv,0.41472515054843107,0.166163701414308
Q837P5_ENTFA_Meier_2023_b05.csv,0.40824377638437226,0.16605594576554272
Q837P5_ENTFA_Meier_2023_b06.csv,0.4031952385533878,0.17053213787034419
Q837P5_ENTFA_Meier_2023_b07.csv,0.4292493389836022,0.19841453813994345
Q837P5_ENTFA_Meier_2023_b08.csv,0.42186929783590704,0.19972960039898666
Q837P5_ENTFA_Meier_2023_b09.csv,0.4250072104743507,0.19609081046123963
RAD_ANTMA_Tsuboyama_2023_2CJJ_b01.csv,0.472898889002695,0.6192375281803144
RAD_ANTMA_Tsuboyama_2023_2CJJ_b02.csv,0.4710000942191198,0.6113349848564869
RAD_ANTMA_Tsuboyama_2023_2CJJ_b03.csv,0.47144931985015853,0.6133200773794938
RAD_ANTMA_Tsuboyama_2023_2CJJ_b04.csv,0.5150274264779279,0.6306121559915963
RAD_ANTMA_Tsuboyama_2023_2CJJ_b05.csv,0.5142800534782601,0.5758575701813551
RAD_ANTMA_Tsuboyama_2023_2CJJ_b06.csv,0.4691207699341294,0.5615180662947932
RAD_ANTMA_Tsuboyama_2023_2CJJ_b07.csv,0.37637850446196985,0.471286742321982
RAD_ANTMA_Tsuboyama_2023_2CJJ_b08.csv,0.39550106815930436,0.4516992556261658
RAD_ANTMA_Tsuboyama_2023_2CJJ_b09.csv,0.39932316745184765,0.40703761278910255
RAF1_HUMAN_Zinkus-Boltz_2019_b04.csv,0.40329750444106394,0.3904275302660309
RAF1_HUMAN_Zinkus-Boltz_2019_b05.csv,0.4242775154499449,0.40426455540161144
RAF1_HUMAN_Zinkus-Boltz_2019_b06.csv,0.4139076715268712,0.41883354391013894
RAF1_HUMAN_Zinkus-Boltz_2019_b07.csv,0.4265832526846835,0.42158344604855913
RAF1_HUMAN_Zinkus-Boltz_2019_b08.csv,0.42532324341248,0.4168866249891766
RAF1_HUMAN_Zinkus-Boltz_2019_b09.csv,0.4263642701505774,0.432049534365703
RASK_HUMAN_Weng_2022_abundance_b02.csv,0.33783133922729647,0.41249970125811264
RASK_HUMAN_Weng_2022_abundance_b03.csv,0.36157331729212366,0.443964760412216
RASK_HUMAN_Weng_2022_abundance_b04.csv,0.34208429718483124,0.4367713555175237
RASK_HUMAN_Weng_2022_abundance_b05.csv,0.3614841273818558,0.4155907363046318
RASK_HUMAN_Weng_2022_abundance_b06.csv,0.35724420130838197,0.40320630871761265
RASK_HUMAN_Weng_2022_abundance_b07.csv,0.3746101166454416,0.39514248341900643
RASK_HUMAN_Weng_2022_abundance_b08.csv,0.35625033922333543,0.361507569759546
RASK_HUMAN_Weng_2022_abundance_b09.csv,0.3054071678484963,0.34882980574264594
RASK_HUMAN_Weng_2022_binding-DARPin_K55_b02.csv,0.6226618137327014,0.5199509467529757
RASK_HUMAN_Weng_2022_binding-DARPin_K55_b03.csv,0.5345525365810933,0.536708435286792
RASK_HUMAN_Weng_2022_binding-DARPin_K55_b04.csv,0.5367198152327654,0.5351969539259277
RASK_HUMAN_Weng_2022_binding-DARPin_K55_b05.csv,0.5784033639394259,0.5349161139127616
RASK_HUMAN_Weng_2022_binding-DARPin_K55_b06.csv,0.5898239094324018,0.5352472086030359
RASK_HUMAN_Weng_2022_binding-DARPin_K55_b07.csv,0.5787436103025015,0.4930870627460886
RASK_HUMAN_Weng_2022_binding-DARPin_K55_b08.csv,0.5717264119938814,0.4728141225959841
RASK_HUMAN_Weng_2022_binding-DARPin_K55_b09.csv,0.5180346065110435,0.5926904771901793
RCD1_ARATH_Tsuboyama_2023_5OAO_b01.csv,0.20267558459714283,0.37111353606823533
RCD1_ARATH_Tsuboyama_2023_5OAO_b02.csv,0.33550347330985353,0.3779650383353169
RCD1_ARATH_Tsuboyama_2023_5OAO_b03.csv,0.39062983366565557,0.433071494638491
RCD1_ARATH_Tsuboyama_2023_5OAO_b04.csv,0.3871262332711996,0.3674251264539147
RCD1_ARATH_Tsuboyama_2023_5OAO_b05.csv,0.37307103461032226,0.36928474608701267
RCD1_ARATH_Tsuboyama_2023_5OAO_b06.csv,0.4033757421326125,0.3703852871109717
RCD1_ARATH_Tsuboyama_2023_5OAO_b07.csv,0.40243426765271473,0.35565093813971216
RCD1_ARATH_Tsuboyama_2023_5OAO_b08.csv,0.3752163642835283,0.35325372483395145
RCD1_ARATH_Tsuboyama_2023_5OAO_b09.csv,0.40538197589819863,0.3768966227799063
RCRO_LAMBD_Tsuboyama_2023_1ORC_b03.csv,0.5309120313382129,0.3506336509331524
RCRO_LAMBD_Tsuboyama_2023_1ORC_b04.csv,0.5695070536405397,0.47115567201673464
RCRO_LAMBD_Tsuboyama_2023_1ORC_b05.csv,0.5464794030749176,0.5738252121397669
RCRO_LAMBD_Tsuboyama_2023_1ORC_b06.csv,0.567168978933565,0.5043577207577726
RCRO_LAMBD_Tsuboyama_2023_1ORC_b07.csv,0.5762219009265743,0.4894401511041462
RCRO_LAMBD_Tsuboyama_2023_1ORC_b08.csv,0.5694667566955763,0.4915235424583114
RCRO_LAMBD_Tsuboyama_2023_1ORC_b09.csv,0.5663963556376462,0.5032305159224542
RDRP_I33A0_Li_2023_b01.csv,0.36654905721085246,0.3128447398422925
RDRP_I33A0_Li_2023_b02.csv,0.365837668911836,0.314289865903495
RDRP_I33A0_Li_2023_b03.csv,0.3659094967944863,0.3148975208639513
RDRP_I33A0_Li_2023_b04.csv,0.36976844690195043,0.32268315195608344
RDRP_I33A0_Li_2023_b05.csv,0.3624836416532389,0.36249766833541297
RDRP_I33A0_Li_2023_b06.csv,0.36845818582058626,0.36067514774166676
RDRP_I33A0_Li_2023_b07.csv,0.3684366319476367,0.3606746466358096
RDRP_I33A0_Li_2023_b08.csv,0.36828149947093564,0.3606864455047564
RDRP_I33A0_Li_2023_b09.csv,0.3684793318106113,0.36068568609015067
RL20_AQUAE_Tsuboyama_2023_1GYZ_b01.csv,0.685349432016924,0.5408053730860066
RL20_AQUAE_Tsuboyama_2023_1GYZ_b02.csv,0.6357563831175079,0.5759072710650528
RL20_AQUAE_Tsuboyama_2023_1GYZ_b03.csv,0.6604948602070985,0.6136321511174073
RL20_AQUAE_Tsuboyama_2023_1GYZ_b04.csv,0.6582688265919097,0.6133075798816526
RL20_AQUAE_Tsuboyama_2023_1GYZ_b05.csv,0.6622307868176511,0.6179813637023412
RL20_AQUAE_Tsuboyama_2023_1GYZ_b06.csv,0.6601699242230211,0.6110889366671058
RL20_AQUAE_Tsuboyama_2023_1GYZ_b07.csv,0.6613253406391227,0.613832619332884
RL20_AQUAE_Tsuboyama_2023_1GYZ_b08.csv,0.6599410151264999,0.6066827423628132
RL20_AQUAE_Tsuboyama_2023_1GYZ_b09.csv,0.66063188707684,0.5988503053131109
RNC_ECOLI_Weeks_2023_b01.csv,0.5854979462420912,0.5513634762377048
RNC_ECOLI_Weeks_2023_b02.csv,0.5933203321633016,0.5537298818557123
RNC_ECOLI_Weeks_2023_b03.csv,0.5999373604539265,0.5598745318738612
RNC_ECOLI_Weeks_2023_b04.csv,0.606698638565084,0.5693595516992664
RNC_ECOLI_Weeks_2023_b05.csv,0.6101646185342782,0.5744823778155913
RNC_ECOLI_Weeks_2023_b06.csv,0.613314913907484,0.5772621804448936
RNC_ECOLI_Weeks_2023_b07.csv,0.6134368125169333,0.5707290548610755
RNC_ECOLI_Weeks_2023_b08.csv,0.6108095110041658,0.5694941763642516
RNC_ECOLI_Weeks_2023_b09.csv,0.6176573503977941,0.5756922036799748
RPC1_BP434_Tsuboyama_2023_1R69_b03.csv,0.7474110838073763,0.7250521816433148
RPC1_BP434_Tsuboyama_2023_1R69_b04.csv,0.7651859414389812,0.7339299572991176
RPC1_BP434_Tsuboyama_2023_1R69_b05.csv,0.7421942193631705,0.7220718309611784
RPC1_BP434_Tsuboyama_2023_1R69_b06.csv,0.7227772068303183,0.7123341365981845
RPC1_BP434_Tsuboyama_2023_1R69_b07.csv,0.7186326887165335,0.7236230000819283
RPC1_BP434_Tsuboyama_2023_1R69_b08.csv,0.7111995057507264,0.7227868551961516
RPC1_BP434_Tsuboyama_2023_1R69_b09.csv,0.7186909125555653,0.7275695159504344
RPC1_LAMBD_Li_2019_high-expression_b01.csv,0.3944738594738595,0.29241258741258735
RPC1_LAMBD_Li_2019_high-expression_b02.csv,0.39674741924741924,0.29467948717948717
RPC1_LAMBD_Li_2019_high-expression_b03.csv,0.39096764346764346,0.288028638028638
RPC1_LAMBD_Li_2019_high-expression_b04.csv,0.40568154068154066,0.30606421356421354
RPC1_LAMBD_Li_2019_high-expression_b05.csv,0.43588193856783325,0.3170453377903588
RPC1_LAMBD_Li_2019_high-expression_b06.csv,0.45297775348117897,0.3495199972638543
RPC1_LAMBD_Li_2019_high-expression_b07.csv,0.46375397146454855,0.3596985209026066
RPC1_LAMBD_Li_2019_high-expression_b08.csv,0.45016045092822565,0.3632457692466673
RPC1_LAMBD_Li_2019_high-expression_b09.csv,0.43509652290527934,0.3666263966793561
RPC1_LAMBD_Li_2019_low-expression_b01.csv,0.41174797424797427,0.25588189588189586
RPC1_LAMBD_Li_2019_low-expression_b02.csv,0.3997344322344322,0.25317765567765566
RPC1_LAMBD_Li_2019_low-expression_b03.csv,0.40246558996558995,0.24630452880452877
RPC1_LAMBD_Li_2019_low-expression_b04.csv,0.4127233877233877,0.25890970140970143
RPC1_LAMBD_Li_2019_low-expression_b05.csv,0.4364682968982633,0.27016457640724456
RPC1_LAMBD_Li_2019_low-expression_b06.csv,0.44624670208045897,0.2928971638563924
RPC1_LAMBD_Li_2019_low-expression_b07.csv,0.46188056618137063,0.31100179757754803
RPC1_LAMBD_Li_2019_low-expression_b08.csv,0.4549288848861087,0.32622305688169934
RPC1_LAMBD_Li_2019_low-expression_b09.csv,0.45530263554966294,0.33910317576108073
RS15_GEOSE_Tsuboyama_2023_1A32_b02.csv,0.28570563784195435,0.3384070265265399
RS15_GEOSE_Tsuboyama_2023_1A32_b03.csv,0.3028747292899999,0.3883951824141598
RS15_GEOSE_Tsuboyama_2023_1A32_b04.csv,0.3019648882657413,0.3891870995877584
RS15_GEOSE_Tsuboyama_2023_1A32_b05.csv,0.30733583532059777,0.39823056295225245
RS15_GEOSE_Tsuboyama_2023_1A32_b06.csv,0.30956270958135157,0.39368710429519355
RS15_GEOSE_Tsuboyama_2023_1A32_b07.csv,0.31012960096800274,0.3885689705306255
RS15_GEOSE_Tsuboyama_2023_1A32_b08.csv,0.30640610224973885,0.38056665524312006
RS15_GEOSE_Tsuboyama_2023_1A32_b09.csv,0.3057316413359498,0.37184495996713046
S22A1_HUMAN_Yee_2023_abundance_b02.csv,0.56368721643522,0.5358878555549152
S22A1_HUMAN_Yee_2023_abundance_b03.csv,0.5680692525606036,0.5423323150669297
S22A1_HUMAN_Yee_2023_abundance_b04.csv,0.5601221987425299,0.549741276565027
S22A1_HUMAN_Yee_2023_abundance_b05.csv,0.5607019228314063,0.5447184147810011
S22A1_HUMAN_Yee_2023_abundance_b06.csv,0.5668319036570213,0.5419663247605988
S22A1_HUMAN_Yee_2023_abundance_b07.csv,0.5733117566812992,0.544967458444282
S22A1_HUMAN_Yee_2023_abundance_b08.csv,0.5778486250998578,0.5416814744900204
S22A1_HUMAN_Yee_2023_abundance_b09.csv,0.5166490443960667,0.5041225655291547
S22A1_HUMAN_Yee_2023_activity_b02.csv,0.5297878931170275,0.46993713069637616
S22A1_HUMAN_Yee_2023_activity_b03.csv,0.5360020432573362,0.48192854625120285
S22A1_HUMAN_Yee_2023_activity_b04.csv,0.532889285443075,0.48803287276308516
S22A1_HUMAN_Yee_2023_activity_b05.csv,0.5322030009020521,0.4838319395076934
S22A1_HUMAN_Yee_2023_activity_b06.csv,0.5338001084245124,0.4850389189876753
S22A1_HUMAN_Yee_2023_activity_b07.csv,0.5392981242542082,0.4893907478741985
S22A1_HUMAN_Yee_2023_activity_b08.csv,0.5450266839290058,0.48955674980155583
S22A1_HUMAN_Yee_2023_activity_b09.csv,0.5065152626459315,0.4920319711250071
SAV1_MOUSE_Tsuboyama_2023_2YSB_b01.csv,0.3623247692229742,0.3840706162752285
SAV1_MOUSE_Tsuboyama_2023_2YSB_b02.csv,0.3538078616398337,0.3872121281587902
SAV1_MOUSE_Tsuboyama_2023_2YSB_b03.csv,0.3523402522711467,0.4082023002983713
SAV1_MOUSE_Tsuboyama_2023_2YSB_b04.csv,0.39131253090344004,0.41295931317929263
SAV1_MOUSE_Tsuboyama_2023_2YSB_b05.csv,0.384875644810936,0.42105585857103284
SAV1_MOUSE_Tsuboyama_2023_2YSB_b06.csv,0.4027644865034741,0.44247313318721654
SAV1_MOUSE_Tsuboyama_2023_2YSB_b07.csv,0.381528456357952,0.4275599644314882
SAV1_MOUSE_Tsuboyama_2023_2YSB_b08.csv,0.3517340628011312,0.3904111938425249
SAV1_MOUSE_Tsuboyama_2023_2YSB_b09.csv,0.41298694173972994,0.4042920751886267
SDA_BACSU_Tsuboyama_2023_1PV0_b01.csv,0.4555053806046849,0.37390838125729403
SDA_BACSU_Tsuboyama_2023_1PV0_b02.csv,0.46370220970171,0.38088556774220883
SDA_BACSU_Tsuboyama_2023_1PV0_b03.csv,0.48501001113826925,0.4501832292747543
SDA_BACSU_Tsuboyama_2023_1PV0_b04.csv,0.605843896121315,0.5824799506015436
SDA_BACSU_Tsuboyama_2023_1PV0_b05.csv,0.6191036157557608,0.6127503536904108
SDA_BACSU_Tsuboyama_2023_1PV0_b06.csv,0.6127926125007866,0.6129885304401019
SDA_BACSU_Tsuboyama_2023_1PV0_b07.csv,0.605332872487443,0.6063189899675139
SDA_BACSU_Tsuboyama_2023_1PV0_b08.csv,0.6005578624648771,0.6199335286646376
SDA_BACSU_Tsuboyama_2023_1PV0_b09.csv,0.625911336173694,0.629590353913952
SERC_HUMAN_Xie_2023_b02.csv,0.5126311319549425,0.40433905792069263
SERC_HUMAN_Xie_2023_b03.csv,0.5263748456490208,0.4694987674874513
SERC_HUMAN_Xie_2023_b04.csv,0.509988009739924,0.49662537588044653
SERC_HUMAN_Xie_2023_b05.csv,0.511223879130705,0.5011871164229321
SERC_HUMAN_Xie_2023_b06.csv,0.5111574408577244,0.5015013825006146
SERC_HUMAN_Xie_2023_b07.csv,0.5106292010002985,0.5013023235995969
SERC_HUMAN_Xie_2023_b08.csv,0.5139146370967523,0.5012471232826686
SERC_HUMAN_Xie_2023_b09.csv,0.5160466830148399,0.5012962432693552
SHOC2_HUMAN_Kwon_2022_b03.csv,0.4050084883385526,0.3002821585458663
SHOC2_HUMAN_Kwon_2022_b04.csv,0.40394723368679253,0.2883674677898701
SHOC2_HUMAN_Kwon_2022_b05.csv,0.38446449688900225,0.3166745349013929
SHOC2_HUMAN_Kwon_2022_b06.csv,0.38094811357292385,0.3468570495912232
SHOC2_HUMAN_Kwon_2022_b07.csv,0.38708624586707835,0.3545332459835763
SHOC2_HUMAN_Kwon_2022_b08.csv,0.3885816823356323,0.35488622361651406
SHOC2_HUMAN_Kwon_2022_b09.csv,0.38915501661659974,0.3582588790366974
SPA_STAAU_Tsuboyama_2023_1LP1_b01.csv,0.41665856867912876,0.39305902485987054
SPA_STAAU_Tsuboyama_2023_1LP1_b02.csv,0.4142796469334286,0.34352474065913946
SPA_STAAU_Tsuboyama_2023_1LP1_b03.csv,0.48991624115475085,0.45598082518661914
SPA_STAAU_Tsuboyama_2023_1LP1_b04.csv,0.5134851685419939,0.48229796016856946
SPA_STAAU_Tsuboyama_2023_1LP1_b05.csv,0.5537839013506152,0.5114181934436675
SPA_STAAU_Tsuboyama_2023_1LP1_b06.csv,0.5222020325891396,0.4791533892434604
SPA_STAAU_Tsuboyama_2023_1LP1_b07.csv,0.5232360656904717,0.49450986023179383
SPA_STAAU_Tsuboyama_2023_1LP1_b08.csv,0.4762251321052096,0.5001810859087126
SPA_STAAU_Tsuboyama_2023_1LP1_b09.csv,0.512066374483133,0.5001815237455957
SPG2_STRSG_Tsuboyama_2023_5UBS_b01.csv,0.24534802778730033,0.2658512980365246
SPG2_STRSG_Tsuboyama_2023_5UBS_b02.csv,0.5081661092648861,0.46397513619354236
SPG2_STRSG_Tsuboyama_2023_5UBS_b03.csv,0.21907105527693396,0.16398474471484759
SPG2_STRSG_Tsuboyama_2023_5UBS_b04.csv,0.6226696461854616,0.609677340960756
SPG2_STRSG_Tsuboyama_2023_5UBS_b05.csv,0.6270132908842625,0.6096164221567377
SPG2_STRSG_Tsuboyama_2023_5UBS_b06.csv,0.6124853882457263,0.5970920701671847
SPG2_STRSG_Tsuboyama_2023_5UBS_b07.csv,0.6130629387404851,0.5968932005576122
SPG2_STRSG_Tsuboyama_2023_5UBS_b08.csv,0.6119053150865523,0.6008466364771505
SPG2_STRSG_Tsuboyama_2023_5UBS_b09.csv,0.6081211151817154,0.6175879427621049
SPIKE_SARS2_Starr_2020_binding_b02.csv,,
SPIKE_SARS2_Starr_2020_binding_b03.csv,0.25680151329564826,0.19662532734325994
SPIKE_SARS2_Starr_2020_binding_b04.csv,0.2795793522546203,0.22933577932057758
SPIKE_SARS2_Starr_2020_binding_b05.csv,0.2767760076215218,0.2693863773055997
SPIKE_SARS2_Starr_2020_binding_b06.csv,0.2817266707493931,0.2730963471967296
SPIKE_SARS2_Starr_2020_binding_b07.csv,0.23923729582794862,0.2690754780844194
SPIKE_SARS2_Starr_2020_binding_b08.csv,0.2534075718148004,0.2608800451979722
SPIKE_SARS2_Starr_2020_binding_b09.csv,0.2115241982344943,0.23967469761354723
SPIKE_SARS2_Starr_2020_expression_b02.csv,,
SPIKE_SARS2_Starr_2020_expression_b03.csv,0.4117074072483996,0.264244248600072
SPIKE_SARS2_Starr_2020_expression_b04.csv,0.4457707253454466,0.30799523764541614
SPIKE_SARS2_Starr_2020_expression_b05.csv,0.4467502001565331,0.40183837975765196
SPIKE_SARS2_Starr_2020_expression_b06.csv,0.445705088201797,0.39385036565468967
SPIKE_SARS2_Starr_2020_expression_b07.csv,0.44496972103418936,0.450320012419386
SPIKE_SARS2_Starr_2020_expression_b08.csv,0.453217493448747,0.4402080005254171
SPIKE_SARS2_Starr_2020_expression_b09.csv,0.41546551468141163,0.42416279106024146
SPTN1_CHICK_Tsuboyama_2023_1TUD_b01.csv,0.6259362863145661,0.6796894972316293
SPTN1_CHICK_Tsuboyama_2023_1TUD_b02.csv,0.6662351651738276,0.6928514054037395
SPTN1_CHICK_Tsuboyama_2023_1TUD_b03.csv,0.6916190135593687,0.7011303871923861
SPTN1_CHICK_Tsuboyama_2023_1TUD_b04.csv,0.7049454257114413,0.7067986915383683
SPTN1_CHICK_Tsuboyama_2023_1TUD_b05.csv,0.7081864137311916,0.7121986702356851
SPTN1_CHICK_Tsuboyama_2023_1TUD_b06.csv,0.7064525783844547,0.7120780170297164
SPTN1_CHICK_Tsuboyama_2023_1TUD_b07.csv,0.6425681153107097,0.6503409248913747
SPTN1_CHICK_Tsuboyama_2023_1TUD_b08.csv,0.4871339336022992,0.5032570045057332
SPTN1_CHICK_Tsuboyama_2023_1TUD_b09.csv,0.461592003109795,0.47257641721083826
SR43C_ARATH_Tsuboyama_2023_2N88_b01.csv,0.6905480469670168,0.6951002268965253
SR43C_ARATH_Tsuboyama_2023_2N88_b02.csv,0.6958009404586206,0.7024156432062187
SR43C_ARATH_Tsuboyama_2023_2N88_b03.csv,0.6862240413482001,0.7001017419780324
SR43C_ARATH_Tsuboyama_2023_2N88_b04.csv,0.6865066209362378,0.7025735040401841
SR43C_ARATH_Tsuboyama_2023_2N88_b05.csv,0.6965131287957356,0.6995197558605765
SR43C_ARATH_Tsuboyama_2023_2N88_b06.csv,0.6939785590947231,0.6998886392001443
SR43C_ARATH_Tsuboyama_2023_2N88_b07.csv,0.6732465616393611,0.7019491949045238
SR43C_ARATH_Tsuboyama_2023_2N88_b08.csv,0.6711150563120034,0.6981146097176846
SR43C_ARATH_Tsuboyama_2023_2N88_b09.csv,0.6622558095018367,0.6918360886052118
SRBS1_HUMAN_Tsuboyama_2023_2O2W_b01.csv,0.6860911774880674,0.6632751604408283
SRBS1_HUMAN_Tsuboyama_2023_2O2W_b02.csv,0.6997694522328263,0.6812382939003896
SRBS1_HUMAN_Tsuboyama_2023_2O2W_b03.csv,0.6967760228901875,0.6713117652938997
SRBS1_HUMAN_Tsuboyama_2023_2O2W_b04.csv,0.7079138557579296,0.6749445939000132
SRBS1_HUMAN_Tsuboyama_2023_2O2W_b05.csv,0.7176463028987653,0.6658354622368189
SRBS1_HUMAN_Tsuboyama_2023_2O2W_b06.csv,0.7030448397080274,0.6688671031091071
SRBS1_HUMAN_Tsuboyama_2023_2O2W_b07.csv,0.6971752130818996,0.66761822545799
SRBS1_HUMAN_Tsuboyama_2023_2O2W_b08.csv,0.7007810133918208,0.6768352114943272
SRBS1_HUMAN_Tsuboyama_2023_2O2W_b09.csv,0.6906720347933574,0.6917545303716031
SRC_HUMAN_Ahler_2019_b05.csv,0.5105647087765808,0.5117134462355669
SRC_HUMAN_Ahler_2019_b06.csv,0.5153429464363564,0.5231714523216026
SRC_HUMAN_Ahler_2019_b07.csv,0.457309555834715,0.5070686824998641
SRC_HUMAN_Ahler_2019_b08.csv,0.49731066019321807,0.4969062349867174
SRC_HUMAN_Ahler_2019_b09.csv,0.5054224595881275,0.5055243681215263
SRC_HUMAN_Chakraborty_2023_binding-DAS_25uM_b05.csv,0.43594497099094265,0.426178417290823
SRC_HUMAN_Chakraborty_2023_binding-DAS_25uM_b06.csv,0.4411324267775792,0.43471052439783214
SRC_HUMAN_Chakraborty_2023_binding-DAS_25uM_b07.csv,0.39181178568211006,0.42373767183704947
SRC_HUMAN_Chakraborty_2023_binding-DAS_25uM_b08.csv,0.43035622092960757,0.4182908139970859
SRC_HUMAN_Chakraborty_2023_binding-DAS_25uM_b09.csv,0.4411180674008809,0.42831278478016
SRC_HUMAN_Nguyen_2022_b05.csv,0.43017203890413064,0.4154009705082155
SRC_HUMAN_Nguyen_2022_b06.csv,0.4365724245912415,0.4277608384458429
SRC_HUMAN_Nguyen_2022_b07.csv,0.38477601415661455,0.41382123471002535
SRC_HUMAN_Nguyen_2022_b08.csv,0.4200579068729314,0.4034292680721673
SRC_HUMAN_Nguyen_2022_b09.csv,0.4311155612463233,0.41629808753105485
THO1_YEAST_Tsuboyama_2023_2WQG_b01.csv,0.4932974158841208,0.4471535443260252
THO1_YEAST_Tsuboyama_2023_2WQG_b02.csv,0.48089919526860014,0.45660875146307417
THO1_YEAST_Tsuboyama_2023_2WQG_b03.csv,0.4970145661800992,0.46361891493080226
THO1_YEAST_Tsuboyama_2023_2WQG_b04.csv,0.4895240115636238,0.4505823506936442
THO1_YEAST_Tsuboyama_2023_2WQG_b05.csv,0.5017358995383133,0.5155307358604396
THO1_YEAST_Tsuboyama_2023_2WQG_b06.csv,0.48795777975674665,0.5156803624219686
THO1_YEAST_Tsuboyama_2023_2WQG_b07.csv,0.4718585829636846,0.4513654529395895
THO1_YEAST_Tsuboyama_2023_2WQG_b08.csv,0.5052310054848816,0.49942229368397356
THO1_YEAST_Tsuboyama_2023_2WQG_b09.csv,0.4282795464357835,0.40303158297907216
UBE4B_MOUSE_Starita_2013_b01.csv,,
UBE4B_MOUSE_Starita_2013_b02.csv,,
UBE4B_MOUSE_Starita_2013_b03.csv,,
UBE4B_MOUSE_Starita_2013_b04.csv,,
UBE4B_MOUSE_Starita_2013_b05.csv,,
UBE4B_MOUSE_Starita_2013_b06.csv,,
UBE4B_MOUSE_Starita_2013_b07.csv,,
UBE4B_MOUSE_Starita_2013_b08.csv,,
UBE4B_MOUSE_Starita_2013_b09.csv,,
VG08_BPP22_Tsuboyama_2023_2GP8_b01.csv,0.23345355751173882,0.19830785684103713
VG08_BPP22_Tsuboyama_2023_2GP8_b02.csv,0.17085018893615675,0.16453654778512364
VG08_BPP22_Tsuboyama_2023_2GP8_b03.csv,0.19179446753080456,0.2647470383935525
VG08_BPP22_Tsuboyama_2023_2GP8_b04.csv,0.37402951871591816,0.3845815408543742
VG08_BPP22_Tsuboyama_2023_2GP8_b05.csv,0.43254024571834204,0.32710524256064477
VG08_BPP22_Tsuboyama_2023_2GP8_b06.csv,0.3389398219371654,0.26229088990745236
VG08_BPP22_Tsuboyama_2023_2GP8_b07.csv,0.3445288177233029,0.330006606586376
VG08_BPP22_Tsuboyama_2023_2GP8_b08.csv,0.3445288177233029,0.330006606586376
VG08_BPP22_Tsuboyama_2023_2GP8_b09.csv,0.344241482838236,0.330006606586376
VILI_CHICK_Tsuboyama_2023_1YU5_b01.csv,0.5913215054336904,0.44301963391827087
VILI_CHICK_Tsuboyama_2023_1YU5_b02.csv,0.6297978182825016,0.4922588245976673
VILI_CHICK_Tsuboyama_2023_1YU5_b03.csv,0.59596186504486,0.6629037234669541
VILI_CHICK_Tsuboyama_2023_1YU5_b04.csv,0.5930078684198468,0.6636619903157465
VILI_CHICK_Tsuboyama_2023_1YU5_b05.csv,0.5866097973576474,0.6591434504564478
VILI_CHICK_Tsuboyama_2023_1YU5_b06.csv,0.5865711466164567,0.6577007049710905
VILI_CHICK_Tsuboyama_2023_1YU5_b07.csv,0.6132737597952327,0.6607842095677063
VILI_CHICK_Tsuboyama_2023_1YU5_b08.csv,0.6038331647486836,0.6639002419966958
VILI_CHICK_Tsuboyama_2023_1YU5_b09.csv,0.5909943328920884,0.6420272943834191
VRPI_BPT7_Tsuboyama_2023_2WNM_b01.csv,0.0669060734095498,-0.019222760177650677
VRPI_BPT7_Tsuboyama_2023_2WNM_b02.csv,0.14000052640438462,-0.028849099576298616
VRPI_BPT7_Tsuboyama_2023_2WNM_b03.csv,0.30860164946756485,0.26851540584239586
VRPI_BPT7_Tsuboyama_2023_2WNM_b04.csv,0.40905148033779226,0.39801588348041206
VRPI_BPT7_Tsuboyama_2023_2WNM_b05.csv,0.3464864574772897,0.3434852766582743
VRPI_BPT7_Tsuboyama_2023_2WNM_b06.csv,0.3328820753058606,0.3288427547250621
VRPI_BPT7_Tsuboyama_2023_2WNM_b07.csv,0.34901055658606356,0.34292003730821363
VRPI_BPT7_Tsuboyama_2023_2WNM_b08.csv,0.3310991071538647,0.297649146362653
VRPI_BPT7_Tsuboyama_2023_2WNM_b09.csv,0.30548888044129907,0.2832437365679565
YNZC_BACSU_Tsuboyama_2023_2JVD_b01.csv,0.43606167584753946,0.46721365682847404
YNZC_BACSU_Tsuboyama_2023_2JVD_b02.csv,0.49372637473277564,0.5153958543311332
YNZC_BACSU_Tsuboyama_2023_2JVD_b03.csv,0.48657493864142504,0.4944972579724385
YNZC_BACSU_Tsuboyama_2023_2JVD_b04.csv,0.5235799422055256,0.5790388962975527
YNZC_BACSU_Tsuboyama_2023_2JVD_b05.csv,0.6083897371350746,0.6010533610641597
YNZC_BACSU_Tsuboyama_2023_2JVD_b06.csv,0.6077914396142916,0.6019937163275753
YNZC_BACSU_Tsuboyama_2023_2JVD_b07.csv,0.6117622751266082,0.606500129217854
YNZC_BACSU_Tsuboyama_2023_2JVD_b08.csv,0.6155155890461056,0.6143718000275917
YNZC_BACSU_Tsuboyama_2023_2JVD_b09.csv,0.6164314538173863,0.6168658167649054
