protein,num_seqs,num_seqs_unfiltered,perc_filtered,n_eff,n_eff_l,seq_len,num_cov,perc_cov,bitscore
A0A2R8Y422_PF00240_2,61139,61559,0.9931772770837732,5929.079783031528,84.70113975759325,70,68,0.9714285714285714,0.7
A0PJY2_PF00096_289,645261,645870,0.9990570857912584,1813.46897642701,82.43040801940954,22,21,0.9545454545454546,1.5
A1X283_PF00018_155,33185,33216,0.9990667148362236,721.8820344013982,13.12512789820724,55,52,0.9454545454545454,0.9
A1X283_PF00018_222,45557,45592,0.9992323214599051,947.7074667297904,16.06283841914899,59,53,0.8983050847457628,0.9
A2RRE5_PF01846_267,4527,4543,0.9964780981730136,128.70457733011548,2.042929798890722,63,60,0.9523809523809524,0.7
A6NK59_PF07525_532,29706,29746,0.9986552813823708,2172.1220543589475,52.97858669168165,41,36,0.8780487804878049,0.7
EHEE-rd1-0882_rockdoms_1,582,582,1.0,166.60276287472968,4.165069071868242,40,28,0.7,0.6
EHEE-rd1-0882_rockdoms_1,582,582,1.0,166.60276287472968,4.165069071868242,40,28,0.7,0.6
HHH-rd1-0142_rockdoms_1,95906,96071,0.9982825202194212,5839.246049062447,135.7964197456383,43,35,0.813953488372093,0.5
O00308_PF00397_440,59926,59958,0.9994662930718168,3660.854017880168,67.79359292370681,54,40,0.7407407407407407,1.0
O00330_PF02817_181,1448,1448,1.0,38.83908106213912,0.8263634268540239,47,43,0.9148936170212766,1.05
O14529_PF02376_1036,24578,24608,0.9987808842652796,178.42690132623378,2.004796644114986,89,78,0.8764044943820225,0.7
O14529_PF02376_895,24743,24769,0.9989503007791998,180.30143688769027,2.613064302720149,69,67,0.9710144927536232,0.7
O14640_PF00595_246,592066,592516,0.9992405268380938,7029.846916048968,75.58975178547277,93,80,0.8602150537634409,0.5
O14640_PF00778_4,13349,13362,0.9990270917527316,262.5075093459712,3.365480889050912,78,72,0.9230769230769232,0.7
O14776_PF01846_645,11991,11998,0.999416569428238,237.6061361490171,3.443567190565465,69,57,0.8260869565217391,0.7
O14776_PF01846_727,18919,18932,0.9993133319247834,674.3660416170007,13.487320832340014,50,48,0.96,0.7
O14776_PF01846_793,18638,18650,0.9993565683646112,792.7946588540103,12.787010626677588,62,57,0.9193548387096774,0.7
O14776_PF01846_897,4870,4874,0.9991793188346328,264.01468323374274,4.474825139554961,59,57,0.9661016949152542,0.7
O14776_PF01846_955,4579,4582,0.9993452640768224,288.02978316835055,5.143388985149117,56,56,1.0,0.7
O14813_PF00046_92,235574,236140,0.9976031167951216,4465.102953564692,79.73398131365522,56,55,0.9821428571428572,0.8
O14901_PF00096_395,100762,100808,0.9995436870089676,1645.2165504401505,68.55068960167294,24,21,0.875,1.2
O14936_PF00595_488,28945,28978,0.9988612050521084,354.778906219169,4.326572027063037,82,81,0.9878048780487804,0.7
O15151_PF00641_299,3746,3749,0.9991997866097626,97.27926999446056,3.138040967563244,31,28,0.9032258064516128,0.9
O15259_PF00018_152,166708,166807,0.9994064997272296,5318.991756302339,88.64986260503899,60,51,0.85,0.9
O15265_PF08313_334,8135,8141,0.9992629898046924,253.0594975243328,4.148516352857915,61,57,0.9344262295081968,0.7
O15266_PF00046_119,236283,236854,0.997589232185228,4481.988309798053,80.03550553210809,56,55,0.9821428571428572,0.8
O15344_PF00643_172,47719,47775,0.9988278388278388,1366.6719757641367,31.78306920381713,43,37,0.8604651162790697,0.9
O15350_PF07647_487,60304,60338,0.9994365076734396,1534.3769755637732,24.355190088313854,63,55,0.873015873015873,0.5
O15405_PF00505_256,120642,120909,0.9977917276629532,6424.573757200678,94.47902584118644,68,66,0.9705882352941176,0.7
O15541_PF00642_198,13927,13932,0.9996411139821992,758.7179122448485,30.348716489793944,25,23,0.92,1.1
O43167_PF00096_351,6009,6009,1.0,317.6594043425179,14.439063833750817,22,21,0.9545454545454546,1.5
O43167_PF00096_435,151296,151335,0.999742293587075,1815.0221835513212,82.50100834324188,22,21,0.9545454545454546,1.6
O43186_PF00046_41,236107,236676,0.9975958694586692,4455.575593954889,79.56384989205159,56,54,0.9642857142857144,0.8
O43295_PF00018_745,11179,11184,0.9995529327610873,98.9207480562346,1.7055301389005966,58,58,1.0,1.1
O43353_PF00619_438,15279,15348,0.9955043002345584,1613.8722995956723,19.92434937772435,81,71,0.8765432098765432,0.5
O43374_PF00779_682,21988,22005,0.9992274483072028,649.1902041495625,23.185364433912948,28,25,0.8928571428571429,0.7
O43395_PF01480_10,1510,1510,1.0,115.13617274591752,1.6931790109693754,68,67,0.9852941176470588,0.7
O43586_PF00018_361,152676,152760,0.9994501178318932,2993.884021284769,53.46221466579944,56,51,0.9107142857142856,1.1
O60281_PF00096_808,2007,2007,1.0,99.85969698056591,4.16082070752358,24,24,1.0,1.2
O60293_PF10650_1186,7984,7987,0.999624389633154,571.155549711921,30.06081840589058,19,18,0.9473684210526316,1.1
O60341_PF04433_186,2826,2829,0.9989395546129376,129.75363661671182,1.6424510964140735,79,79,1.0,0.7
O60481_PF00096_389,20345,20350,0.9997542997542996,239.42628813602693,10.883013097092132,22,21,0.9545454545454546,1.5
O60885_PF17035_607,15537,15555,0.9988428158148506,606.5289750149013,9.052671268879124,67,64,0.9552238805970148,0.7
O75112_PF00595_1,58045,58106,0.9989501944721716,1026.1862181098793,12.363689374817822,83,79,0.9518072289156626,0.7
O75360_PF00046_71,238426,239000,0.9975983263598326,4619.418199802334,82.48961071075597,56,55,0.9821428571428572,0.8
O75366_PF02209_785,39734,39751,0.9995723378028226,1167.1567641937108,33.34733611982031,35,35,1.0,0.7
O75369_PF00630_1423,175147,175386,0.9986372914599796,2545.5832166410364,28.284257962678183,90,85,0.9444444444444444,0.7
O75369_PF00630_2109,43344,43375,0.99928530259366,552.3743210037896,7.081722064151149,78,67,0.8589743589743589,0.7
O75369_PF00630_2289,28794,28812,0.9993752603082048,372.4456657452784,4.138285174947537,90,79,0.8777777777777778,0.7
O75382_PF00643_111,16343,16360,0.998960880195599,928.3170754527972,21.098115351199933,44,40,0.9090909090909092,0.9
O75400_PF00397_176,23744,23767,0.999032271637144,1056.3529884018176,20.712803694153287,51,37,0.7254901960784313,0.7
O75400_PF01846_395,23052,23062,0.9995663862631168,917.39118082531,18.3478236165062,50,49,0.98,0.7
O75400_PF01846_459,7400,7404,0.9994597514856834,267.44971504515775,4.952772500836255,54,53,0.9814814814814816,0.7
O75400_PF01846_670,6148,6153,0.9991873882658866,158.5235642609871,2.882246622927038,55,55,1.0,0.7
O75400_PF01846_745,7054,7059,0.9992916843745572,330.90687463286685,5.515114577214447,60,60,1.0,0.7
O75478_PF04433_375,5671,5676,0.9991190979563072,650.473751249174,9.855662897714758,66,64,0.9696969696969696,0.7
O75534_PF00313_184,21345,21378,0.998456357002526,961.251464542705,13.53875302172824,71,63,0.8873239436619719,0.7
O75534_PF00313_23,43676,43748,0.9983542104781932,3008.617738561872,43.60315563133148,69,60,0.8695652173913043,0.7
O75534_PF00313_347,18567,18596,0.9984405248440524,497.411248689632,6.908489565133777,72,66,0.9166666666666666,0.7
O75554_PF06220_8,9433,9438,0.999470226742954,512.6919546945787,14.24144318596052,36,31,0.8611111111111112,0.7
O75808_PF00641_4,20589,20592,0.9998543123543124,1444.4359554307275,53.49762797891584,27,24,0.8888888888888888,1.1
O75953_PF00226_4,80339,80502,0.9979752055849545,4132.372677013834,66.65117220990054,62,62,1.0,1.5
O75970_PF00595_1003,6672,6675,0.9995505617977528,125.2873874300623,1.4237203117052533,88,85,0.9659090909090908,0.7
O75970_PF00595_1860,362039,362287,0.9993154598426108,3450.90071272086,40.59883191436305,85,79,0.9294117647058824,0.7
O75970_PF00595_372,307540,307734,0.9993695854211754,2784.289698923013,30.264018466554493,92,83,0.9021739130434784,0.7
O75970_PF00595_693,88576,88634,0.9993456235756032,609.6358973598165,6.350373930831421,96,88,0.9166666666666666,0.7
O94830_PF00536_389,33903,33924,0.9993809692253272,2034.014531861123,34.474822573917336,59,53,0.8983050847457628,0.7
O94885_PF00536_630,36924,36955,0.9991611419293736,578.9036199093086,8.153572111398713,71,61,0.8591549295774648,0.7
O94929_PF00412_149,162594,162711,0.9992809336799602,4266.470741861434,73.55984037692129,58,54,0.9310344827586208,0.8
O94929_PF00412_210,56922,56999,0.9986490991070018,668.8050878533777,11.733422593918908,57,53,0.9298245614035088,0.7
O94993_PF00505_338,108867,109099,0.9978734910494138,6197.533657798071,92.50050235519508,67,67,1.0,0.7
O95076_PF00046_155,236609,237187,0.9975631042173476,4498.259313852109,80.32605917593051,56,55,0.9821428571428572,0.8
O95155_PF04564_1229,41392,41459,0.9983839455847946,4230.881750599646,59.58988381126262,71,68,0.9577464788732394,0.7
O95218_PF00641_11,40600,40627,0.9993354173333006,1959.6354599610213,78.38541839844088,25,22,0.88,0.7
O95218_PF00641_9,39912,39940,0.999298948422634,1757.709880228569,65.10036593439146,27,22,0.8148148148148148,0.7
O95267_PF00130_539,131169,131256,0.9993371731577984,1989.14273354246,36.166231518953815,55,50,0.9090909090909092,0.7
O95343_PF00046_212,157992,158146,0.999026216281158,4638.341035196748,90.94786343523036,51,46,0.9019607843137256,0.7
O95409_PF18366_250,6674,6752,0.9884478672985784,192.3104234204617,4.1806613787056905,46,45,0.9782608695652174,0.7
O95475_PF00046_134,183721,183899,0.9990320773903066,4870.211956000675,95.4943520784446,51,46,0.9019607843137256,0.7
O95714_PF11515_2555,5712,5732,0.9965108164689462,79.1965231259638,1.0420595148153131,76,72,0.9473684210526316,0.7
O95718_PF00105_100,103556,103793,0.997716609019876,3206.131940262497,41.6380771462662,77,72,0.935064935064935,0.7
O95789_PF06467_427,7617,7622,0.9993440041983732,186.8593317598745,4.671483293996863,40,37,0.925,0.7
O95789_PF06467_469,9159,9161,0.9997816832223556,108.03636447927418,3.001010124424283,36,33,0.9166666666666666,0.7
O95793_PF00035_183,13051,13059,0.9993873956658244,242.4428835174826,3.6185505002609344,67,56,0.835820895522388,0.9
O95817_PF00397_11,66395,66425,0.9995483628152052,2303.0434112011244,47.00088594288009,49,35,0.7142857142857143,1.0
O95835_PF00627_98,12812,12823,0.9991421664197144,839.8389726118654,19.087249377542395,44,36,0.8181818181818182,0.7
P00519_PF00018_64,36168,36200,0.9991160220994476,1150.1962805267342,20.17888211450411,57,52,0.912280701754386,0.9
P01053_PF00280_22,3427,3433,0.9982522575007282,1153.1311665606918,18.30366931048717,63,63,1.0,0.7
P02417_PF01281_1,45488,45590,0.9977626672515902,5241.198037765649,111.51485186735424,47,45,0.9574468085106383,1.3
P02549_PF00018_979,119540,119600,0.9994983277591972,3095.262592155694,53.366596416477485,58,51,0.8793103448275862,0.95
P02585_PF13499_1,61175,61362,0.996952511326228,5848.206131193949,70.46031483366204,83,69,0.8313253012048193,0.8
P02633_PF01023_1,13609,13788,0.9870176965477226,1275.150085953494,16.14114032852524,79,74,0.9367088607594936,0.7
P02640_PF02209_762,39305,39334,0.999262724360604,1089.949349360505,16.768451528623153,65,61,0.9384615384615383,0.7
P02640_PF02209_792,39733,39750,0.9995723270440252,1166.053101462343,33.31580289892408,35,35,1.0,0.7
P03034_PF01381_4,3140,3146,0.9980928162746344,596.5048902622664,7.848748556082453,76,75,0.986842105263158,0.7
P04049_PF02196_58,6115,6123,0.9986934509227504,122.83861776035944,1.7301213769064707,71,68,0.9577464788732394,0.7
P04150_PF00105_419,103507,103727,0.9978790478853145,3111.575297673905,40.94178023255138,76,71,0.9342105263157896,0.7
P05813_PF00030_31,48032,48351,0.9934024115323364,970.5231573092694,10.904754576508646,89,81,0.9101123595505618,0.7
P06239_PF00018_63,109304,109382,0.9992869027810792,3474.15390177083,59.89920520294535,58,50,0.8620689655172413,0.9
P06241_PF00018_83,32639,32673,0.9989593854252748,1290.1353002675828,21.14975902078005,61,55,0.9016393442622952,0.9
P07315_PF00030_4,50863,51206,0.9933015662227084,1249.991753793306,16.447259918332975,76,74,0.9736842105263158,0.7
P07315_PF00030_91,50028,50374,0.9931313772978124,1112.053021996913,13.900662774961411,80,78,0.975,0.7
P07316_PF00030_1,50214,50563,0.9930977196764432,1226.32476186925,14.59910430796726,84,80,0.9523809523809524,0.7
P07316_PF00030_87,49252,49586,0.9932642278062356,1120.4568171994713,12.87881399079852,87,80,0.9195402298850576,0.7
P07320_PF00030_90,50252,50603,0.9930636523526272,1190.1677540532469,14.693429062385764,81,79,0.9753086419753086,0.7
P07751_PF00018_968,190727,190820,0.9995126297033854,4821.831746378526,81.72596180302587,59,51,0.864406779661017,0.9
P07814_PF00458_827,18242,18267,0.9986314118355504,1295.0847355172125,24.90547568302331,52,47,0.903846153846154,0.7
P08151_PF00096_363,23185,23194,0.9996119686125722,294.95734469021266,11.798293787608507,25,22,0.88,1.2
P08235_PF00105_600,103169,103398,0.9977852569682198,3315.3063908028007,43.62245251056317,76,70,0.9210526315789472,0.7
P08631_PF00018_80,95265,95337,0.9992447842915132,3015.9038144474384,51.99834162840411,58,50,0.8620689655172413,0.9
P09086_PF00157_200,23353,23418,0.9972243573319668,123.49839680672186,1.764262811524598,70,69,0.9857142857142858,0.7
P09327_PF02209_793,39745,39762,0.9995724561138776,1168.8050353182375,33.39442958052107,35,35,1.0,0.7
P0A9X9_PF00313_3,80772,81019,0.9969513324035104,5933.713931330768,87.26049899015835,68,62,0.9117647058823528,1.1
P0CI26_PF00643_87,74688,74911,0.9970231341191548,4504.5623992805,95.84175317618086,47,39,0.8297872340425532,0.8
P10070_PF00096_565,23326,23335,0.9996143132633384,298.6792084905097,11.947168339620388,25,22,0.88,1.2
P10071_PF00096_608,23838,23847,0.9996225940369858,412.0263903191412,16.481055612765648,25,23,0.92,1.2
P10242_PF00249_143,81023,81115,0.9988658078037356,4005.520188889032,64.60516433691987,62,52,0.8387096774193549,0.7
P10242_PF00249_40,34282,34296,0.9995917891299276,2103.242895522544,44.74984884090519,47,47,1.0,1.1
P10275_PF00105_557,103459,103694,0.997733716512045,3210.8690057792373,42.24827639183207,76,72,0.9473684210526316,0.7
P10398_PF02196_21,6158,6166,0.9987025624391828,130.3399188065605,1.888984330529862,69,69,1.0,0.7
P10589_PF00105_83,103469,103686,0.9979071427193642,3072.736166695601,39.90566450254028,77,71,0.922077922077922,0.7
P10826_PF00105_85,103544,103781,0.9977163449957122,3202.8438755233965,41.59537500679736,77,72,0.935064935064935,0.7
P11182_PF02817_171,39465,39491,0.9993416221417538,2048.0572907541223,46.54675660804824,44,38,0.8636363636363636,1.2
P11308_PF02198_117,16204,16236,0.9980290711998028,536.2682987014014,6.620596280264214,81,73,0.9012345679012346,0.7
P11844_PF00030_85,48836,49177,0.9930658641234724,1030.9947812301343,11.584211025057687,89,81,0.9101123595505618,0.7
P11961_PF02817_126,42439,42478,0.9990818776778568,2521.4037606610013,52.52924501377086,48,41,0.8541666666666666,1.2
P12081_PF00458_8,21542,21563,0.9990261095394888,1699.1690497196369,44.714974992622025,38,35,0.9210526315789472,0.7
P12931_PF00018_87,115219,115299,0.9993061518313257,3348.933481243196,58.75321896917888,57,51,0.8947368421052632,0.9
P12956_PF02037_558,4059,4068,0.9977876106194692,962.6316606954068,18.51214732106552,52,45,0.8653846153846154,0.7
P13796_PF13499_13,4818,4826,0.9983423124740988,238.9203872615296,2.844290324542019,84,84,1.0,0.7
P13984_PF02270_177,4579,4586,0.9984736153510684,476.06767690531,7.438557451645468,64,64,1.0,0.7
P14598_PF00018_157,23444,23468,0.9989773308334754,334.09955328138574,5.06211444365736,66,57,0.8636363636363636,0.9
P14653_PF00046_208,233759,234276,0.9977932011815124,4695.190866530164,88.58850691566347,53,52,0.981132075471698,0.8
P14859_PF00157_285,23352,23417,0.9972242388008712,123.49858916334176,1.7642655594763108,70,69,0.9857142857142858,0.7
P14921_PF02198_55,16437,16471,0.997935765891567,559.6185165543824,6.908870574745461,81,73,0.9012345679012346,0.7
P15056_PF02196_153,6123,6132,0.99853228962818,127.38666933207156,1.67614038594831,76,74,0.9736842105263158,0.7
P15498_PF00018_592,8182,8190,0.999023199023199,101.86715328649308,1.5204052729327326,67,61,0.9104477611940298,0.7
P15498_PF00018_782,241991,242143,0.9993722717567718,5819.449679353034,95.40081441562351,61,51,0.8360655737704918,0.9
P16157_PF00531_1405,35099,35112,0.9996297562087036,134.10494778640643,1.6763118473300804,80,79,0.9875,0.7
P16885_PF00018_772,51225,51253,0.9994536905156772,866.9287537847928,15.480870603299872,56,51,0.9107142857142856,1.1
P16989_PF00313_84,82297,82544,0.997007656522582,6834.994895371699,79.47668482990348,86,62,0.7209302325581395,0.7
P17480_PF00505_408,94274,94464,0.9979886517615176,4844.497477243362,78.13705608457035,62,59,0.9516129032258064,0.8
P19793_PF00105_132,103592,103830,0.9977077915823944,3211.7647932944965,41.71123108174671,77,72,0.935064935064935,0.7
P19873_PF00280_1,3347,3353,0.9982105577095138,1118.6068326027516,16.45010047945223,68,64,0.9411764705882352,0.7
P19878_PF00018_241,25001,25014,0.9994802910370192,369.68324911433854,6.161387485238976,60,54,0.9,0.9
P19878_PF00018_456,71460,71490,0.9995803608896348,1507.16142178073,25.545108843741183,59,52,0.8813559322033898,1.1
P19878_PF00564_353,2112,2116,0.998109640831758,189.9184899515108,2.532246532686811,75,73,0.9733333333333334,0.7
P20264_PF00046_408,43523,43594,0.998371335504886,1067.9639177666672,19.070784245833345,56,55,0.9821428571428572,0.8
P20264_PF00157_320,23322,23384,0.997348614437222,118.99343886103225,1.724542592188873,69,69,1.0,0.7
P20265_PF00046_356,43349,43419,0.9983878025749096,1055.7836659701356,18.853279749466708,56,55,0.9821428571428572,0.8
P20265_PF00157_262,23170,23239,0.997030853306941,135.46054266502347,1.7592278268184869,77,75,0.974025974025974,0.7
P20929_PF14604_6609,248690,248836,0.9994132681766305,5958.5315118296,97.68084445622296,61,51,0.8360655737704918,0.9
P20936_PF00018_281,185109,185206,0.9994762588685032,5091.679678894166,83.47015867039616,61,52,0.8524590163934426,0.7
P22492_PF00538_44,18553,18645,0.9950657012603916,1409.0298594937492,20.420722601358683,69,66,0.9565217391304348,0.7
P22681_PF00627_854,6236,6239,0.9995191537105306,161.1125943545074,3.5024477033588566,46,37,0.8043478260869565,0.7
P22914_PF00030_96,50081,50425,0.9931779871095686,1121.7227680814158,13.848429235573034,81,78,0.9629629629629628,0.7
P23759_PF00046_219,237615,238182,0.9976194674660552,4588.7302548638845,81.94161169399794,56,55,0.9821428571428572,0.8
P25490_PF00096_384,13675,13684,0.9993422975738088,254.76032977578552,10.61501374065773,24,23,0.9583333333333334,1.5
P25685_PF00226_4,80896,81060,0.997976807303232,4078.0805361913176,65.7754925192148,62,62,1.0,1.5
P26367_PF00046_213,237446,237999,0.9976764608254656,4506.108368899355,81.92924307089736,55,54,0.9818181818181818,0.8
P26651_PF00642_105,19597,19607,0.9994899780690568,1537.7948317264904,61.511793269059616,25,24,0.96,1.1
P28069_PF00157_130,23248,23311,0.9972974132383852,118.23289168779624,1.7135201693883513,69,68,0.9855072463768116,0.7
P28360_PF00046_174,240271,240844,0.9976208666190564,4381.842972227198,78.24719593262853,56,56,1.0,0.8
P32081_PF00313_1,81762,82015,0.99691519843931,6130.978664980454,91.5071442534396,67,62,0.9253731343283582,1.1
P32243_PF00046_40,238012,238576,0.997635973442425,4531.099014279501,80.91248239784822,56,54,0.9642857142857144,0.8
P35251_PF00533_405,28759,28790,0.9989232372351512,4735.600826529868,63.14134435373157,75,71,0.9466666666666668,1.1
P35548_PF00046_144,238219,238782,0.9976422008359088,4369.8596711125165,78.03320841272351,56,56,1.0,0.8
P35711_PF00505_557,92742,92933,0.9979447558994116,5295.840643927631,77.88000946952398,68,67,0.9852941176470588,0.7
P35712_PF00505_622,86801,86991,0.9978158660091274,5200.334795879484,76.47551170411006,68,67,0.9852941176470588,0.7
P35713_PF00505_87,93798,93988,0.9979784653360004,5159.390949833763,77.00583507214573,67,66,0.9850746268656716,0.7
P35716_PF00505_50,95526,95724,0.9979315532154944,5457.498743733816,80.25733446667377,68,67,0.9852941176470588,0.7
P36075_PF02845_9,31180,31197,0.9994550758085712,3404.814532910953,87.30293674130648,39,32,0.8205128205128205,0.5
P37275_PF00096_933,16924,16929,0.9997046488274558,344.9162792305156,15.678012692296162,22,21,0.9545454545454546,1.6
P39880_PF00046_1246,286704,287315,0.9978734141969616,5403.212232488261,96.48593272300468,56,55,0.9821428571428572,0.8
P39880_PF02376_548,24683,24711,0.9988669013799524,187.96917062970243,2.29230695889881,82,76,0.926829268292683,0.7
P39880_PF02376_941,24775,24802,0.998911378114668,185.1189072139902,2.7223368707939737,68,66,0.9705882352941176,0.7
P39940_PF00397_324,178661,178748,0.9995132812674828,3129.930825790853,72.7890889718803,43,33,0.7674418604651163,0.7
P40040_PF02037_1,25894,25936,0.9983806292412092,2720.039424357703,55.51100866036128,49,38,0.7755102040816326,0.7
P41002_PF00646_28,7908,7922,0.9982327695026508,1065.7685487047434,20.10884054159893,53,43,0.8113207547169812,0.7
P41016_PF00313_1,83188,83445,0.99692012702978,6267.899560494229,94.96817515900348,66,62,0.9393939393939394,1.1
P41225_PF00505_140,87474,87663,0.9978440162896548,5188.522872840134,76.30180695353138,68,67,0.9852941176470588,0.7
P41229_PF00628_319,150533,150600,0.999555112881806,4582.509066652715,83.31834666641299,55,45,0.8181818181818182,0.7
P42766_PF00831_9,26669,26784,0.9957063918757468,4125.8831023828025,75.01605640696005,55,51,0.9272727272727272,0.8
P43320_PF00030_106,49617,49945,0.993432776053659,1109.6361588393054,13.209954271896493,84,79,0.9404761904761904,0.7
P43354_PF00105_260,103535,103767,0.997764221766072,3200.1811732265105,41.56079445748715,77,72,0.935064935064935,0.7
P45973_PF00385_21,36397,36459,0.9982994596670232,4446.024232683697,90.73518842211628,49,46,0.9387755102040816,0.8
P46934_PF00397_836,159217,159293,0.9995228917780442,2409.3326801940693,52.37679739552325,46,34,0.7391304347826086,0.7
P46937_PF00397_162,47513,47532,0.9996002692922664,2475.53482889539,49.5106965779078,50,35,0.7,1.0
P46937_PF00397_165,103330,103378,0.9995356845750548,3412.757187015432,74.19037363077025,46,33,0.717391304347826,1.0
P46937_PF00397_226,150603,150664,0.999595125577444,2253.4953182710155,47.94670889938331,47,34,0.723404255319149,0.7
P47974_PF00642_193,22836,22849,0.9994310473106044,1827.0452692823403,76.12688622009752,24,24,1.0,1.1
P48431_PF00505_42,98552,98761,0.9978837800346292,5493.139185493739,80.78145861020205,68,67,0.9852941176470588,0.7
P49335_PF00046_280,51296,51381,0.9983456919873104,1270.113848852514,22.68060444379489,56,55,0.9821428571428572,0.8
P49792_PF00641_1414,28004,28027,0.9991793627573412,1535.9666987077107,51.19888995692369,30,26,0.8666666666666667,0.9
P49792_PF00641_1478,27471,27492,0.9992361414229594,1248.665091638854,40.27951908512432,31,26,0.8387096774193549,0.9
P50539_PF00010_70,14179,14216,0.997397298818233,330.9691120131094,6.489590431629596,51,48,0.9411764705882352,0.7
P51451_PF00018_59,72917,72972,0.9992462862467796,2388.021974799799,40.47494872542032,59,50,0.847457627118644,0.9
P51508_PF00096_331,536079,536441,0.9993251820796696,973.2445788750296,44.238389948864985,22,21,0.9545454545454546,1.6
P51508_PF00096_555,534768,535089,0.9994000997964824,949.7376416115708,43.16989280052594,22,21,0.9545454545454546,1.6
P51532_PF07533_612,24071,24077,0.9997507995182124,464.5638157455065,10.803809668500152,43,39,0.9069767441860463,0.7
P51608_PF01429_91,12521,12534,0.9989628211265358,539.0050812304468,7.486181683756205,72,59,0.8194444444444444,0.7
P51687_PF00173_87,42385,42455,0.998351195383347,6610.20366061983,89.32707649486257,74,68,0.918918918918919,0.7
P53673_PF00030_14,48583,48906,0.9933954933954934,984.6636628543652,11.863417624751389,83,76,0.9156626506024096,0.7
P53674_PF00030_57,49275,49609,0.9932673506823358,1039.880362744315,11.952647847635808,87,81,0.9310344827586208,0.7
P53804_PF13639_1957,3934,3934,1.0,284.4092885425511,6.936811915671978,41,40,0.975609756097561,1.3
P54277_PF00505_572,120075,120335,0.9978393651057464,6105.289505612812,92.50438644867896,66,62,0.9393939393939394,0.7
P54727_PF00627_186,32335,32355,0.999381857518158,2389.276636036098,53.09503635635773,45,38,0.8444444444444444,0.7
P54727_PF00627_361,9726,9732,0.999383477188656,587.8348795144623,13.062997322543604,45,41,0.9111111111111112,0.7
P54821_PF00046_96,239158,239741,0.9975682090255734,4637.129314287447,82.80588061227584,56,55,0.9821428571428572,0.8
P55072_PF02359_26,5785,5795,0.998274374460742,261.45074573334904,3.227786984362334,81,81,1.0,0.7
P55265_PF02295_136,2171,2174,0.998620055197792,183.55528789709444,2.823927506109145,65,60,0.9230769230769232,0.7
P55265_PF02295_296,4249,4256,0.9983552631578948,288.81438068851435,4.584355249024037,63,57,0.9047619047619048,0.7
P55895_PF13341_415,1295,1330,0.9736842105263158,15.847523668761026,0.2058119956981951,77,77,1.0,0.7
P56915_PF00046_162,238138,238722,0.997553639798594,4612.352642249495,82.36344004016955,56,55,0.9821428571428572,0.8
P57071_PF00096_1085,154482,154562,0.9994824083539292,1702.5261896835866,77.38755407652667,22,21,0.9545454545454546,1.6
P57073_PF00505_103,85282,85463,0.9978821244281152,4839.105425590044,71.16331508220654,68,67,0.9852941176470588,0.7
P60002_PF05129_3,3040,3057,0.994438992476284,465.6607112893622,6.047541705056652,77,76,0.987012987012987,0.7
P60321_PF05741_63,3820,3828,0.9979101358411704,528.5866972335555,9.973333910067083,53,53,1.0,0.7
P61024_PF01111_1,4101,4128,0.9934593023255814,357.018885677386,4.519226400979569,79,72,0.9113924050632912,0.7
P61086_PF00627_158,34481,34498,0.999507217809728,2873.1870787744388,66.81830415754509,43,35,0.813953488372093,0.7
P61960_PF03671_4,1735,1747,0.993131081854608,50.370648757981314,0.6806844426754232,74,74,1.0,0.5
P61978_PF00013_385,119375,119490,0.9990375763662231,3038.6023189186585,41.06219349890079,74,65,0.8783783783783784,0.7
P62993_PF00018_159,133986,134065,0.9994107335993736,3562.475157489254,63.615627812308105,56,50,0.8928571428571429,1.1
P67809_PF00313_52,52313,52496,0.9965140201158184,4676.976870313651,51.39535022322693,91,64,0.7032967032967034,0.7
P78352_PF00595_157,317511,317724,0.9993296068285682,2949.6622714759424,32.77402523862158,90,82,0.9111111111111112,0.7
P78352_PF00595_309,378325,378568,0.9993581073941802,3746.848915403877,42.57782858413497,88,80,0.9090909090909092,0.7
P78352_PF00595_60,287222,287392,0.9994084734439372,2677.1601387044207,28.48042700749384,94,85,0.9042553191489362,0.7
P78424_PF00046_609,261746,262295,0.9979069368459178,4750.417610966371,86.37122929029766,55,53,0.9636363636363636,0.8
P78545_PF02198_50,3003,3027,0.99207135777998,125.46786579780608,1.5300959243634886,82,73,0.8902439024390244,0.7
P78563_PF00035_80,22339,22359,0.9991055056129524,382.4536727554272,6.269732340252904,61,59,0.9672131147540984,0.9
P82979_PF02037_3,39409,39470,0.9984545224220928,3813.0391506675446,84.73420334816765,45,35,0.7777777777777778,0.7
P98175_PF00641_214,39066,39097,0.9992071002890248,2634.084126429551,94.07443308676967,28,25,0.8928571428571429,0.8
P98175_PF00641_216,39114,39142,0.9992846558683768,2485.9306656291587,95.6127179088138,26,25,0.9615384615384616,0.9
Q00839_PF02037_6,38083,38143,0.9984269721836248,3434.930280931536,83.77878733979355,41,33,0.8048780487804879,0.8
Q00987_PF00641_299,3873,3876,0.9992260061919505,131.18685645303427,4.523684705277043,29,26,0.896551724137931,0.9
Q01484_PF00531_3571,35183,35196,0.999630639845437,137.94642243522205,1.7243302804402756,80,79,0.9875,0.7
Q01543_PF02198_116,16040,16072,0.9980089596814335,539.9804706050019,6.585127690304901,82,75,0.9146341463414634,0.7
Q01826_PF02376_371,12572,12605,0.9973819912733044,90.82427207275704,1.2109902943034274,75,68,0.9066666666666666,0.5
Q01826_PF02376_494,12611,12644,0.9973900664346724,101.92297667414172,1.3773375226235367,74,68,0.918918918918919,0.5
Q01826_PF16557_178,3775,3782,0.998149127445796,40.25377038078828,0.5750538625826896,70,70,1.0,0.7
Q01851_PF00157_266,23033,23102,0.997013245606441,117.03942552946188,1.4273100674324617,82,71,0.8658536585365854,0.7
Q01860_PF00157_134,23052,23125,0.9968432432432432,138.61725795254085,1.7546488348422893,79,75,0.9493670886075948,0.7
Q03052_PF00157_247,23082,23156,0.9968042839868716,136.94312932047512,1.7556811451342964,78,75,0.9615384615384616,0.7
Q03164_PF02008_1148,23028,23036,0.9996527174856746,437.6928549738429,9.312613935613678,47,45,0.9574468085106383,0.7
Q03181_PF00105_71,103641,103858,0.9979106087157464,3241.373016035672,43.21830688047562,75,70,0.9333333333333332,0.7
Q05066_PF00505_61,97574,97777,0.9979238471215112,5476.383984943585,80.53505860211155,68,67,0.9852941176470588,0.7
Q05086_PF16558_30,2369,2369,1.0,254.98797034384663,4.473473163927134,57,55,0.9649122807017544,0.7
Q05195_PF00010_58,16384,16428,0.9973216459702946,461.871502637504,8.882144281490461,52,49,0.9423076923076924,0.7
Q05655_PF00130_228,125963,126048,0.999325653719218,1830.8964372359928,33.2890261315635,55,50,0.9090909090909092,0.7
Q06187_PF00018_215,85438,85505,0.9992164200923924,3078.224811340174,52.17330188712159,59,51,0.864406779661017,0.9
Q06546_PF02198_172,16885,16922,0.9978134972225504,607.6088147718967,7.691250819897427,79,73,0.9240506329113924,0.7
Q06787_PF00013_217,9063,9068,0.999448610498456,172.00728671110105,2.606171010774258,66,64,0.9696969696969696,0.7
Q06945_PF00505_60,87599,87790,0.9978243535710216,5212.823539278115,76.6591696952664,68,67,0.9852941176470588,0.7
Q08881_PF00018_172,107705,107783,0.9992763237245206,3441.9665006402565,58.3384152650891,59,51,0.864406779661017,0.9
Q09472_PF02172_567,9493,9501,0.9991579833701716,164.50626548381868,1.9584079224264128,84,82,0.9761904761904762,0.7
Q12824_PF04855_181,9518,9525,0.9992650918635172,854.0714617303065,12.55987443721039,68,62,0.9117647058823528,0.7
Q12830_PF00628_2862,61100,61127,0.99955829666105,3446.4000272911326,60.46315837352864,57,48,0.8421052631578947,0.7
Q12837_PF00157_256,23159,23223,0.9972441114412436,113.2609130886921,1.573068237342946,72,68,0.9444444444444444,0.7
Q12873_PF00628_374,153236,153313,0.999497759485497,4376.632706710716,82.57797559831539,53,44,0.8301886792452831,0.8
Q12899_PF00643_97,81818,82024,0.99748853993953,4177.10902082784,94.93429592790544,44,37,0.8409090909090909,0.8
Q12929_PF00018_533,70277,70338,0.9991327589638602,2667.065645203445,45.98389043454216,58,52,0.896551724137931,0.9
Q12929_PF18016_720,7573,7583,0.9986812607147568,293.92779294610307,4.9818269990864925,59,57,0.9661016949152542,0.7
Q12955_PF00531_4094,35197,35210,0.9996307867083216,147.37721059238592,1.8894514178511013,78,78,1.0,0.7
Q12965_PF00018_1051,114532,114598,0.999424073718564,2755.413048756206,47.50712153027941,58,52,0.896551724137931,1.1
Q13009_PF00595_843,7887,7897,0.9987336963403824,177.34401693006197,2.111238296786452,84,79,0.9404761904761904,0.5
Q13148_PF18694_5,3115,3118,0.99903784477229,244.8012353902776,3.4000171581983,72,70,0.9722222222222222,0.7
Q13158_PF01335_1,6391,6419,0.9956379498364232,868.5376451936515,10.099274944112228,86,78,0.9069767441860463,0.7
Q13163_PF00564_15,1971,1971,1.0,44.31927470803773,0.4665186811372392,95,94,0.9894736842105264,0.5
Q13263_PF00628_620,155283,155361,0.999497943499334,4259.724165131325,81.91777240637164,52,43,0.8269230769230769,0.8
Q13368_PF00595_132,28870,28905,0.9987891368275384,350.8438924469924,3.9420662072695776,89,84,0.9438202247191012,0.7
Q13424_PF00595_79,226442,226582,0.9993821221456248,1953.796381141224,21.00856323807768,93,80,0.8602150537634409,0.7
Q13472_PF06839_812,28466,28492,0.99908746314755,3855.7325576324943,96.39331394081236,40,37,0.925,0.7
Q13472_PF06839_896,25158,25176,0.9992850333651097,3406.7426962707823,79.22657433187865,43,41,0.9534883720930232,0.7
Q13501_PF00569_120,50802,50830,0.9994491442061776,4452.353817172136,85.62218879177183,52,44,0.8461538461538461,0.7
Q13501_PF16577_389,2367,2368,0.9995777027027029,197.14697519769285,3.791287984571016,52,45,0.8653846153846154,0.7
Q13526_PF00397_1,173858,173923,0.9996262713959626,3817.27508474549,95.43187711863725,40,32,0.8,0.8
Q13642_PF00412_160,183470,183603,0.9992756109649624,4033.523126373352,72.02719868523842,56,52,0.9285714285714286,0.8
Q13642_PF00412_99,49498,49552,0.9989102357119792,1063.7094607452418,17.728491012420697,60,54,0.9,0.8
Q13813_PF13499_2327,15252,15263,0.9992793028893402,144.37879841399405,1.977791759095809,73,65,0.8904109589041096,0.7
Q14151_PF02037_27,39902,39957,0.9986235202843056,3710.140400846018,84.32137274650042,44,33,0.75,0.7
Q14160_PF00595_857,266545,266687,0.9994675406000292,2246.809853392219,23.162988179301227,97,82,0.845360824742268,0.7
Q14192_PF00412_38,225362,225551,0.9991620520414451,5710.754346796824,95.1792391132804,60,53,0.8833333333333333,0.7
Q14202_PF06467_350,9443,9453,0.99894213477203,229.79101307658124,5.106466957257361,45,44,0.9777777777777776,0.7
Q14202_PF06467_405,8822,8825,0.9996600566572238,194.41290113912845,4.8603225284782114,40,36,0.9,0.7
Q14202_PF06467_589,7789,7795,0.999230275817832,221.7044749501717,5.68473012692748,39,37,0.9487179487179488,0.7
Q14202_PF06467_629,7502,7504,0.999733475479744,127.69277066687154,3.192319266671789,40,39,0.975,0.7
Q14839_PF00385_623,39611,39628,0.9995710103966892,1510.1119257167963,28.49267784371314,53,49,0.9245283018867924,0.7
Q14839_PF00628_365,154126,154204,0.9994941765453556,4328.298174387938,81.66600329033845,53,44,0.8301886792452831,0.8
Q14839_PF00628_444,151289,151366,0.9994912992349668,4329.742129229144,81.6932477213046,53,44,0.8301886792452831,0.8
Q14863_PF00157_139,23026,23093,0.9970986879140864,140.3676626251888,1.559640695835431,90,77,0.8555555555555555,0.7
Q14995_PF00105_103,103928,104131,0.9980505325023288,3150.760682420171,45.66319829594451,69,67,0.9710144927536232,0.7
Q14CM0_PF00595_75,6031,6039,0.998675277363802,118.95226959388684,1.4869033699235854,80,77,0.9625,0.7
Q14CS0_PF00789_256,6655,6667,0.9982000899955004,721.5569808891023,9.750770012014897,74,72,0.972972972972973,0.7
Q15319_PF00157_185,23153,23217,0.9972433992333204,112.51154463955368,1.5626603422160232,72,68,0.9444444444444444,0.7
Q15365_PF00013_278,121914,122026,0.9990821628177602,2994.595731858831,41.02185934053193,73,65,0.8904109589041096,0.7
Q15424_PF02037_26,17106,17124,0.9989488437281008,1264.9621800656828,22.9993123648306,55,41,0.7454545454545455,0.7
Q15475_PF00046_131,56576,56643,0.9988171530462724,1741.0999829077396,34.821999658154795,50,47,0.94,0.8
Q15554_PF00249_489,16002,16011,0.9994378864530636,1507.2117123866526,27.91132800716024,54,49,0.9074074074074074,0.7
Q15699_PF00046_134,235844,236419,0.997567877370262,4522.904994702439,80.7661606196864,56,55,0.9821428571428572,0.8
Q15811_PF00018_1003,105971,106032,0.9994247019767616,2789.763480042209,48.94321894810893,57,50,0.8771929824561403,1.1
Q15811_PF00018_1156,120252,120323,0.999409921627619,2770.927940202316,47.77461965866062,58,51,0.8793103448275862,1.1
Q15811_PF00018_909,193984,194108,0.9993611803738124,5055.162195446976,80.24066976899961,63,52,0.8253968253968254,0.9
Q15811_PF07653_1003,105971,106032,0.9994247019767616,2789.763480042209,48.94321894810893,57,50,0.8771929824561403,1.1
Q15911_PF00046_2147,261059,261649,0.9977450706863012,5122.8961180509295,91.48028782233804,56,54,0.9642857142857144,0.8
Q15911_PF00046_2244,248020,248577,0.9977592456261036,4688.653078980894,83.72594783894453,56,54,0.9642857142857144,0.8
Q15911_PF00046_2643,248591,249172,0.997668277334532,4902.834192060544,87.55061057250973,56,55,0.9821428571428572,0.8
Q15942_PF00412_504,9242,9258,0.9982717649600346,215.0043726764369,3.2090204877080133,67,65,0.9701492537313432,0.7
Q16512_PF02185_129,16931,16949,0.998937990441914,136.84752326318218,2.243402020707905,61,56,0.918032786885246,0.7
Q1KMD3_PF02037_1,39114,39173,0.9984938605672274,3401.4297710213714,85.03574427553428,40,33,0.825,0.8
Q2Q1W2_PF00643_274,17500,17512,0.9993147555961628,1167.8660497086428,27.1596755746196,43,39,0.9069767441860463,0.9
Q3SY89_PF08711_3,9885,9900,0.9984848484848484,645.5514797859419,8.276301022896691,78,69,0.8846153846153846,0.7
Q5F1R6_PF12171_315,10005,10008,0.9997002398081536,1010.5728549293924,40.4229141971757,25,23,0.92,1.1
Q5HYK7_PF00018_664,146458,146525,0.9995427401467326,3467.225806769496,61.91474654945529,56,51,0.9107142857142856,1.1
Q5K651_PF07647_4,3551,3583,0.9910689366452692,387.9192808177447,5.31396275092801,73,67,0.9178082191780822,0.7
Q5SQQ9_PF00046_102,244705,245289,0.9976191349795548,4475.409963382409,79.91803506040016,56,56,1.0,0.8
Q5TCQ9_PF00397_287,172994,173076,0.999526219695394,3017.4156938771066,70.17245799714202,43,33,0.7674418604651163,0.7
Q5U5Q3_PF00013_325,151454,151580,0.9991687557725294,4630.281209303622,69.1086747657257,67,58,0.8656716417910447,0.6
Q5VTD9_PF00096_221,522238,522703,0.999110393473923,1093.7051192035517,49.71386905470688,22,21,0.9545454545454546,1.6
Q5VVJ2_PF00249_120,24310,24330,0.9991779695848746,1095.359843617155,25.47348473528268,43,42,0.9767441860465116,0.9
Q5VWI1_PF01846_448,18776,18787,0.9994144887422154,669.2668056695908,11.741522906484049,57,52,0.912280701754386,0.7
Q61234_PF00595_80,374538,374757,0.9994156213226172,3394.853352512404,39.93945120602828,85,78,0.9176470588235294,0.7
Q68CP9_PF02257_523,18341,18356,0.9991828285029418,297.1412232724933,3.714265290906166,80,74,0.925,0.7
Q68DC2_PF00536_774,41989,42017,0.9993336030654258,2321.47273330823,36.84877354457508,63,56,0.8888888888888888,0.7
Q6NWY9_PF01846_274,16057,16067,0.9993776062737288,712.6305423675992,12.07848376894236,59,55,0.9322033898305084,0.7
Q6P0N0_PF00249_878,17993,18012,0.9989451476793249,1695.0732243305918,34.59333110878759,49,43,0.8775510204081632,0.7
Q6XZF7_PF00018_146,236885,237022,0.9994219945827814,5443.841048467827,89.24329587652176,61,53,0.8688524590163934,0.95
Q6XZF7_PF00018_1516,5721,5721,1.0,185.4016024972996,3.1424000423271123,59,56,0.9491525423728814,0.9
Q6XZF7_PF00018_242,257154,257317,0.9993665401042294,5887.986435422968,93.46010214957091,63,52,0.8253968253968254,0.9
Q6XZF7_PF14604_147,50157,50178,0.9995814898959704,798.4363846743404,13.532820079226108,59,54,0.9152542372881356,1.1
Q6ZN01_PF02037_170,38709,38768,0.9984781262897234,3308.3590882632407,94.52454537894974,35,31,0.8857142857142857,0.9
Q6ZSG1_PF13639_293,66970,67002,0.9995224023163488,3407.535657273102,79.24501528542098,43,42,0.9767441860465116,1.4
Q6ZVD7_PF10264_112,4177,4185,0.9980884109916368,117.90691265440256,1.5116270853128533,78,78,1.0,0.7
Q6ZWJ1_PF00397_493,168218,168284,0.999607805852012,2466.5568712018967,53.62080154786732,46,34,0.7391304347826086,0.7
Q7L590_PF09329_383,4026,4031,0.9987596129992558,615.3298807491349,13.673997349980777,45,44,0.9777777777777776,0.7
Q7Z3T8_PF01363_744,89672,89749,0.9991420517220247,5582.421987822299,90.03906431971451,62,59,0.9516129032258064,0.7
Q7Z4I7_PF00412_13,123074,123147,0.9994072125183724,2567.0527198836858,43.50936813362179,59,53,0.8983050847457628,0.8
Q7Z5Q1_PF16366_513,12466,12473,0.9994387877816084,264.11992402710047,4.192379746461913,63,62,0.984126984126984,0.7
Q7Z6B7_PF00018_744,11264,11269,0.9995563049072678,101.69812763501216,1.7534159937071063,58,58,1.0,1.1
Q7Z6G8_PF00536_812,75822,75860,0.9994990772475612,1293.8124834836722,20.867943281994712,62,56,0.9032258064516128,0.7
Q7Z6W7_PF00226_3,80747,80936,0.9976648215874272,4801.540083299498,75.02406380155466,64,63,0.984375,1.4
Q7Z6Z7_PF00627_1316,46787,46805,0.9996154257023824,3261.460199221978,79.54780973712143,41,35,0.8536585365853658,0.8
Q86U86_PF00505_1383,119141,119366,0.9981150411339912,5741.942124422235,92.61196974874572,62,59,0.9516129032258064,0.7
Q86UL8_PF00397_296,170395,170480,0.99950140778977,2601.81426186838,57.818094708186216,45,34,0.7555555555555555,0.7
Q86UL8_PF00595_1144,432755,433029,0.99936724792104,4134.737130444831,49.22306107672417,84,79,0.9404761904761904,0.7
Q86UL8_PF00595_601,20015,20026,0.9994507140717068,146.0341018184185,1.7809036807124206,82,81,0.9878048780487804,0.7
Q86UL8_PF00595_774,389557,389760,0.9994791666666668,3414.0838528747126,38.79640741903083,88,80,0.9090909090909092,0.7
Q86UP3_PF00046_2086,256059,256639,0.997740016131609,5066.397020807241,90.47137537155788,56,54,0.9642857142857144,0.8
Q86UP3_PF00046_2183,247969,248526,0.9977587858010832,4688.717185184404,83.72709259257864,56,54,0.9642857142857144,0.8
Q86UP3_PF00046_2562,246115,246683,0.9976974497634616,4773.506803606381,85.24119292154252,56,55,0.9821428571428572,0.8
Q86VP1_PF18112_729,10305,10312,0.9993211792086888,673.3567246877342,25.89833556491285,26,25,0.9615384615384616,0.7
Q86WN1_PF14604_467,20639,20650,0.9994673123486684,251.3699868440717,4.054354626517286,62,55,0.8870967741935484,0.9
Q86XK2_PF02207_849,12086,12105,0.998430400660884,359.825625539759,7.822296207386065,46,43,0.9347826086956522,0.7
Q86XN8_PF00013_273,150336,150464,0.9991492981709912,4942.164770191642,72.67889367928885,68,60,0.8823529411764706,0.6
Q86YT6_PF18346_247,10969,10982,0.9988162447641596,508.5241342490061,7.823448219215479,65,63,0.9692307692307692,0.7
Q8IV48_PF02037_65,1196,1197,0.9991645781119464,93.98315585644568,1.879663117128913,50,50,1.0,0.7
Q8IWR0_PF00642_906,15142,15147,0.999669901630686,917.9339270826216,43.71113938488674,21,19,0.9047619047619048,1.3
Q8IWT3_PF01485_2234,37974,37999,0.9993420879496828,4111.319186082372,97.88855204958028,42,37,0.8809523809523809,0.9
Q8IWT3_PF11515_367,5743,5767,0.99583839084446,82.35532728546548,1.1281551682940476,73,71,0.9726027397260274,0.7
Q8IX12_PF02037_625,26781,26812,0.9988438012830076,2078.576945716044,41.57153891432088,50,36,0.72,0.7
Q8IYH5_PF00249_653,4796,4806,0.997919267582189,235.8860755996048,3.685719931243824,64,52,0.8125,0.7
Q8IZQ8_PF02037_363,37529,37591,0.998350669043122,3642.8725294728542,82.79255748801941,44,33,0.75,0.7
Q8IZT6_PF00612_1877,121628,121650,0.9998191533086724,1712.843847031927,90.14967615957512,19,16,0.8421052631578947,0.9
Q8N157_PF00018_1053,107427,107488,0.999432494790116,2479.833367716637,43.50584855643224,57,51,0.8947368421052632,1.1
Q8N1P7_PF00030_1358,53484,53823,0.9937015773925644,1370.9163726480724,17.575850931385542,78,75,0.9615384615384616,0.7
Q8N1W1_PF00130_651,139549,139625,0.999455684870188,1994.908375751628,39.89816751503256,50,47,0.94,0.7
Q8N3X1_PF00397_200,1823,1826,0.9983570646221248,106.51591307773658,1.7179985980280097,62,58,0.935483870967742,0.7
Q8N3X1_PF00397_593,74959,74984,0.999666595540382,3157.8388020076177,71.76906368199131,44,32,0.7272727272727273,0.7
Q8N5C8_PF02845_12,3909,3910,0.9997442455242966,83.27002791808653,2.1351289209765776,39,39,1.0,0.7
Q8N8B7_PF08711_30,17070,17078,0.9995315610727252,1064.3217279417645,22.17336933212009,48,46,0.9583333333333334,0.7
Q8NB78_PF07496_139,1715,1716,0.9994172494172494,54.81099535657931,1.0540576030111406,52,51,0.9807692307692308,0.7
Q8ND56_PF12701_7,9369,9382,0.9986143679386058,374.3175743792117,5.12763800519468,73,72,0.9863013698630136,0.7
Q8NEA6_PF00096_414,45917,45938,0.9995428621185076,703.7286692088137,30.59689866125277,23,23,1.0,1.5
Q8NEA6_PF00096_473,33128,33136,0.9997585707387736,1001.4399904540904,41.72666626892044,24,22,0.9166666666666666,1.2
Q8NEZ5_PF00646_25,1166,1167,0.9991431019708654,140.58282481983707,3.5145706204959266,40,39,0.975,0.9
Q8NFW5_PF00046_73,235042,235596,0.9976485169527496,4451.588226986592,79.49264691047485,56,55,0.9821428571428572,0.8
Q8NHM5_PF16866_656,8040,8046,0.999254287844892,120.82129610875636,1.803302926996364,67,63,0.9402985074626866,0.7
Q8TAQ2_PF00249_599,20370,20377,0.999656475437994,1211.116937963563,28.16551018519914,43,39,0.9069767441860463,0.9
Q8TAT5_PF00641_316,12370,12375,0.9995959595959596,1295.2674800603454,43.17558266867818,30,25,0.8333333333333334,1.1
Q8TDD2_PF00096_325,112837,112884,0.9995836433861308,1443.5752561494614,60.14896900622756,24,21,0.875,1.2
Q8TDI0_PF00628_338,152115,152194,0.99948092566067,4374.254583462055,82.53310534834065,53,44,0.8301886792452831,0.8
Q8TDI0_PF00628_411,148535,148614,0.999468421548441,4397.703434470345,82.97553649944048,53,44,0.8301886792452831,0.8
Q8TDI0_PF08073_132,11976,11979,0.9997495617330328,127.96801726474116,1.8546089458658137,69,69,1.0,0.7
Q8TEW0_PF00595_457,299059,299228,0.9994352132821794,2612.3863129241154,28.090175407786187,93,83,0.8924731182795699,0.7
Q8TEW8_PF00595_380,336032,336243,0.9993724776426572,3003.050793523524,33.74214374745533,89,79,0.8876404494382022,0.7
Q8WU90_PF18044_104,19284,19286,0.9998962978326248,1064.8073820681357,50.70511343181598,21,20,0.9523809523809524,1.4
Q8WWH4_PF07647_273,17668,17678,0.9994343251499038,906.8959189779384,14.627353531902232,62,56,0.9032258064516128,0.7
Q8WXI2_PF00536_9,34217,34239,0.9993574578696808,1266.3966820663068,20.101534635973124,63,55,0.873015873015873,0.7
Q8WXI9_PF00320_415,7219,7225,0.9991695501730103,236.63694366788627,5.77163277238747,41,39,0.951219512195122,0.7
Q92734_PF00564_6,2414,2417,0.9987587918907735,89.2038205387034,1.0253312705598092,87,87,1.0,0.7
Q92796_PF00595_222,311427,311621,0.9993774488882328,2899.5533997238977,31.863224172790083,91,83,0.912087912087912,0.7
Q92796_PF00595_383,408433,408685,0.9993833881840536,3883.717470470936,45.69079377024631,85,78,0.9176470588235294,0.7
Q92922_PF00249_620,18601,18607,0.9996775407104852,1070.4881653593866,24.329276485440605,44,41,0.9318181818181818,0.9
Q92945_PF00013_142,116048,116137,0.9992336636902968,2793.766371601692,38.270772213721806,73,65,0.8904109589041096,0.7
Q92997_PF00778_2,13331,13346,0.9988760677356512,269.8973140927207,3.373716426159009,80,73,0.9125,0.7
Q969G3_PF00505_67,100268,100515,0.997542655325076,6285.439951464449,93.81253658902163,67,65,0.9701492537313432,0.7
Q969V6_PF02037_341,41086,41158,0.998250643860246,4066.0145280050215,94.55847739546562,43,34,0.7906976744186046,0.7
Q96AE4_PF00013_184,87716,87775,0.999327826829963,2155.865312317957,29.13331503132375,74,65,0.8783783783783784,0.7
Q96AE4_PF00013_98,116745,116833,0.999246788150608,2818.9382883586463,39.151920671647865,72,64,0.8888888888888888,0.7
Q96CB8_PF00628_155,8742,8750,0.9990857142857142,663.5594599804448,11.246770508143133,59,53,0.8983050847457628,0.7
Q96DX7_PF00643_174,78828,79012,0.9976712398116742,3950.0447892960856,87.77877309546857,45,38,0.8444444444444444,0.9
Q96FX2_PF05207_6,6176,6187,0.998222078551802,1041.969233864187,18.94489516116703,55,52,0.9454545454545454,0.7
Q96GE6_PF13499_123,75028,75249,0.9970630838948026,6786.14797551527,98.3499706596416,69,64,0.927536231884058,0.9
Q96GE6_PF13499_48,53999,54187,0.9965305331537084,4934.175463384139,64.92336136031763,76,68,0.8947368421052632,0.9
Q96GM8_PF00642_298,2846,2847,0.9996487530734106,294.5843431759947,12.808014920695422,23,21,0.9130434782608696,1.1
Q96I24_PF00013_75,103956,104036,0.9992310354108194,2417.3666250009496,31.80745559211776,76,66,0.868421052631579,0.7
Q96J02_PF00397_428,115307,115365,0.9994972478654705,1704.9616794491017,34.09923358898203,50,37,0.74,0.7
Q96J02_PF00397_474,86334,86372,0.9995600426064002,1302.9508153703157,24.12871880315399,54,38,0.7037037037037037,0.7
Q96JN0_PF05225_353,15838,15848,0.9993690055527512,2837.669271824808,67.56355409106686,42,35,0.8333333333333334,0.7
Q96JY0_PF09011_3,10189,10242,0.9948252294473736,941.460386402576,13.64435342612429,69,63,0.9130434782608696,0.6
Q96JY6_PF00412_284,134950,135008,0.9995703958283954,2265.361586057457,40.45288546531173,56,51,0.9107142857142856,0.8
Q96K80_PF00642_138,41496,41504,0.9998072474942176,1083.0852434857177,49.231147431168985,22,20,0.9090909090909092,1.3
Q96KC8_PF00249_494,15856,15877,0.9986773319896706,1477.7101609237675,28.97470903772093,51,46,0.9019607843137256,0.7
Q96L93_PF00787_1213,72373,72473,0.9986201757896044,3650.652999517753,59.84677048389759,61,56,0.918032786885246,0.7
Q96PU5_PF00397_184,121985,122044,0.9995165677952214,1666.2601235146926,34.005308643156994,49,36,0.7346938775510204,0.7
Q96PU5_PF00397_381,181506,181586,0.9995594374015618,3137.533667531693,71.30758335299303,44,32,0.7272727272727273,0.7
Q96PU5_PF00397_539,106619,106668,0.9995406307421156,1648.8340822918594,32.33008004493842,51,38,0.7450980392156863,0.7
Q96QS3_PF00046_330,238653,239242,0.997538057698899,4662.988841997479,83.26765789281212,56,55,0.9821428571428572,0.8
Q96QZ7_PF00397_294,153630,153708,0.9994925443047856,2132.4004133984804,46.35653072605392,46,34,0.7391304347826086,0.7
Q96QZ7_PF00397_352,120290,120345,0.999542980597449,1743.971657135196,34.87943314270392,50,36,0.72,0.7
Q96RT1_PF00595_1321,183488,183588,0.9994553020894612,1469.5310182639216,16.328122425154685,90,76,0.8444444444444444,0.7
Q96T51_PF01363_639,89488,89565,0.9991402891754592,5481.221094187536,91.3536849031256,60,58,0.9666666666666668,0.7
Q99501_PF02187_209,29648,29661,0.9995617140352652,172.40497188699706,2.53536723363231,68,66,0.9705882352941176,0.7
Q99543_PF00249_451,6780,6784,0.9994103773584906,513.9429418648843,9.697036638960082,53,47,0.8867924528301887,0.7
Q99615_PF00226_382,79478,79653,0.9978029703840408,4638.987451818242,69.23861868385437,67,62,0.9253731343283582,1.3
Q99684_PF00096_256,3321,3324,0.9990974729241876,27.916829944038653,1.2137752149582024,23,22,0.9565217391304348,1.2
Q99684_PF00096_313,515484,515927,0.9991413513927356,1320.1771001667869,60.00805000758121,22,21,0.9545454545454546,1.6
Q9BRP0_PF00096_215,1311,1312,0.9992378048780488,41.79158074651865,1.8170252498486368,23,23,1.0,1.5
Q9BTC0_PF00628_263,38734,38748,0.9996386910292144,2001.188288360062,33.918445565424776,59,48,0.8135593220338984,0.7
Q9BTC8_PF00249_265,47717,47751,0.9992879730267428,1100.727732883087,20.76844779024692,53,47,0.8867924528301887,0.7
Q9BUJ2_PF02037_1,41164,41224,0.9985445371628178,4105.374522170468,97.7470124326302,42,33,0.7857142857142857,0.7
Q9BV68_PF14369_11,7554,7561,0.99907419653485,892.319041562276,29.743968052075864,30,29,0.9666666666666668,0.9
Q9BY11_PF14604_387,15072,15082,0.9993369579631348,251.4825009240101,4.335905188345002,58,56,0.9655172413793104,1.1
Q9BYM8_PF01485_369,3123,3129,0.9980824544582934,435.2340676847514,10.121722504296544,43,43,1.0,0.7
Q9BYW2_PF00397_2382,102010,102064,0.999470920206929,2698.152177026547,55.06433014339892,49,35,0.7142857142857143,0.7
Q9BZM3_PF00046_204,238541,239110,0.9976203421019616,4541.727515960403,81.10227707072148,56,55,0.9821428571428572,0.8
Q9C030_PF00643_93,79403,79593,0.997612855401857,4032.4079187968255,96.0097123523054,42,36,0.8571428571428571,0.8
Q9C0A1_PF00046_1859,242789,243359,0.99765778130252,4702.441985207139,83.97217830727034,56,55,0.9821428571428572,0.8
Q9GZV5_PF00397_116,121199,121252,0.9995628938079372,4357.762944694285,92.71836052541032,47,34,0.723404255319149,1.0
Q9H000_PF00642_37,31595,31599,0.999873413715624,1735.2249136448818,91.32762703394114,19,19,1.0,1.2
Q9H0A6_PF00612_189,33883,33893,0.9997049538252736,721.1614776491559,37.95586724469242,19,15,0.7894736842105263,1.1
Q9H0M0_PF00397_343,114251,114302,0.9995538135815646,1762.982065328699,36.72879302768123,48,34,0.7083333333333334,0.7
Q9H161_PF00046_216,234122,234696,0.9975542829873538,4458.809190689183,79.62159269087827,56,55,0.9821428571428572,0.8
Q9H2P0_PF00046_770,25951,25977,0.998999114601378,339.52072080417724,8.280993190345786,41,40,0.975609756097561,0.9
Q9H347_PF00627_613,10781,10796,0.9986105965172286,963.8285168745462,22.414616671501072,43,40,0.9302325581395348,0.7
Q9H3D4_PF07647_545,130263,130333,0.999462914227402,4464.719027909394,67.64725799862718,66,54,0.8181818181818182,0.5
Q9H3Z4_PF00226_16,68683,68821,0.9979947980994174,3652.899752994433,58.91773795152312,62,61,0.9838709677419356,1.5
Q9H4A3_PF12202_481,18098,18105,0.99961336647335,115.1220225489994,1.308204801693175,88,86,0.9772727272727272,0.7
Q9H6I2_PF00505_69,95532,95730,0.9979316828580382,5483.214496920917,80.63550730766053,68,67,0.9852941176470588,0.7
Q9H7E2_PF00567_554,41836,41884,0.9988539776525642,5103.925259177927,87.99871136513667,58,49,0.8448275862068966,0.7
Q9H9D4_PF00096_383,858,859,0.9988358556461,10.868645501500108,0.5175545476904814,21,21,1.0,1.5
Q9H9L4_PF13891_28,3348,3353,0.9985087980912616,197.84129406935972,3.0912702198337465,64,61,0.953125,0.7
Q9HA38_PF12171_246,14721,14726,0.9996604644845852,517.2296499079996,19.8934480733846,26,26,1.0,1.1
Q9HAU4_PF00397_150,94691,94737,0.9995144452537024,1627.252975917156,33.20924440647257,49,35,0.7142857142857143,0.7
Q9HAZ2_PF00096_282,2961,2961,1.0,38.72144929554375,1.7600658770701705,22,22,1.0,1.4
Q9HC78_PF00096_635,169987,170056,0.9995942513054524,1743.3827604809776,79.24467093095353,22,21,0.9545454545454546,1.6
Q9HC78_PF00096_663,1714,1714,1.0,17.164117831318716,0.7801871741508507,22,21,0.9545454545454546,1.5
Q9HC78_PF00096_716,941,941,1.0,3.180086398349368,0.1445493817431531,22,22,1.0,1.4
Q9NP66_PF00505_104,117839,118091,0.9978660524510758,6376.699827170505,95.17462428612694,67,64,0.9552238805970148,0.7
Q9NPB3_PF13499_155,46238,46396,0.9965945340115528,3097.929403341378,47.66045235909812,65,62,0.953846153846154,1.1
Q9NPC8_PF00046_131,56808,56876,0.9988044166256418,1773.9036595542434,35.47807319108487,50,47,0.94,0.8
Q9NQ86_PF00643_208,46296,46357,0.9986841253748086,1619.4100125617392,35.98688916803865,45,39,0.8666666666666667,0.9
Q9NQV8_PF00096_668,3796,3798,0.9994734070563456,19.44724481643816,0.9260592769732456,21,21,1.0,1.5
Q9NQX1_PF00096_433,10542,10542,1.0,411.1573616362559,17.8764070276633,23,21,0.9130434782608696,1.4
Q9NSC2_PF00096_1030,16635,16637,0.999879786019114,454.5247455328603,20.660215706039107,22,21,0.9545454545454546,1.5
Q9NU63_PF00096_176,479836,480106,0.9994376241913244,1253.7833901611375,56.990154098233525,22,21,0.9545454545454546,1.6
Q9NUP7_PF11722_18,2925,2926,0.9996582365003418,369.8754994189133,13.209839264961188,28,27,0.9642857142857144,0.7
Q9NW38_PF11793_305,3017,3018,0.9996686547382372,276.45457817837246,4.126187734005559,67,64,0.9552238805970148,0.7
Q9NWH9_PF02037_19,27223,27255,0.9988259035039442,2194.6381884471843,43.89276376894369,50,39,0.78,0.7
Q9NYL2_PF00536_330,45312,45357,0.999007870890932,2960.3076006639712,35.241757150761565,84,66,0.7857142857142857,0.5
Q9NYS7_PF07525_369,40783,40825,0.998971218616044,2851.904622308177,86.42135219115687,33,31,0.9393939393939394,0.7
Q9NZM3_PF14604_1129,137597,137678,0.9994116707099172,3442.045250840035,62.58264092436427,55,51,0.9272727272727272,1.1
Q9P0J7_PF05605_76,5813,5835,0.996229648671808,339.2029989227122,5.471016111656648,62,60,0.967741935483871,0.7
Q9P2D1_PF07533_2564,24096,24102,0.9997510580034852,409.1606193476439,9.741919508277237,42,38,0.9047619047619048,0.7
Q9P2F5_PF10264_64,4172,4180,0.998086124401914,115.60710139333769,1.4821423255556112,78,78,1.0,0.7
Q9P2K3_PF00249_87,61324,61350,0.9995762021189896,1404.3366637571207,29.257013828273347,48,44,0.9166666666666666,0.7
Q9P2P5_PF00397_800,167841,167922,0.9995176331868368,3058.2536380157258,67.96119195590502,45,33,0.7333333333333333,0.7
Q9P2R6_PF00320_502,63579,63610,0.9995126552428863,1728.3496820942278,41.15118290700542,42,33,0.7857142857142857,0.7
Q9UBF6_PF12678_48,6097,6111,0.997709049255441,325.6425407759614,5.81504537099931,56,52,0.9285714285714286,0.9
Q9UBS4_PF00226_25,86199,86393,0.9977544476983088,5135.697835585896,81.51901326326819,63,63,1.0,1.5
Q9UBW7_PF06467_463,7244,7260,0.9977961432506888,100.34854528048446,2.2806487563746467,44,41,0.9318181818181818,0.7
Q9UBX0_PF00046_110,241724,242307,0.9975939613795722,4756.378167854965,84.93532442598152,56,55,0.9821428571428572,0.8
Q9UDY2_PF00595_26,115991,116064,0.9993710366694236,905.6538700341836,9.433894479522744,96,86,0.8958333333333334,0.7
Q9UDY2_PF00595_509,17198,17220,0.9987224157955864,171.03008090290876,1.80031664108325,95,91,0.9578947368421052,0.7
Q9UHA3_PF01246_2,9564,9609,0.9953168904152356,1073.8805668453,16.77938385695781,64,61,0.953125,0.7
Q9UHC7_PF00642_89,33030,33037,0.9997881163543906,1795.2669889560264,81.60304495254665,22,20,0.9090909090909092,1.2
Q9UHD4_PF02017_36,6507,6532,0.9961726883037356,531.8426491586104,7.187062826467708,74,73,0.9864864864864864,0.7
Q9UIF8_PF00628_1927,142482,142541,0.9995860840039006,4389.547104520667,78.38476972358333,56,44,0.7857142857142857,0.7
Q9UJ78_PF06467_334,9146,9149,0.9996720953109628,216.6930857716695,5.417327144291738,40,38,0.95,0.7
Q9UJQ4_PF00096_383,16898,16907,0.9994676761104868,369.2315279930727,16.783251272412397,22,21,0.9545454545454546,1.5
Q9UJQ4_PF00096_627,7211,7220,0.998753462603878,30.82312058655528,1.4010509357525125,22,22,1.0,1.5
Q9UJQ4_PF00096_899,44300,44307,0.9998420114203174,931.6693222321878,42.348605556008536,22,21,0.9545454545454546,1.5
Q9UJV3_PF00643_191,30315,30346,0.998978448559942,733.9024940558247,16.30894431235166,45,38,0.8444444444444444,0.9
Q9UKI9_PF00157_186,23130,23198,0.9970687128200708,128.4855779307566,1.7131410390767543,75,72,0.96,0.7
Q9UKL0_PF00249_383,30154,30160,0.9998010610079576,784.9332725903992,12.264582384224989,64,50,0.78125,0.7
Q9UKS6_PF14604_365,8986,8996,0.998888394842152,120.33663063472557,2.039603909063145,59,57,0.9661016949152542,1.1
Q9UKW6_PF02198_47,2997,3023,0.9913992722461132,119.8134519008488,1.4435355650704675,83,73,0.8795180722891566,0.7
Q9UKY1_PF18387_100,3838,3842,0.9989588755856325,73.51304491370853,1.4702608982741705,50,47,0.94,0.7
Q9UL15_PF02179_280,1189,1194,0.9958123953098827,21.40126244430124,0.3101632238304527,69,69,1.0,0.6
Q9ULJ8_PF07647_987,50561,50603,0.9991700096832205,2990.792373949666,47.47289482459787,63,61,0.9682539682539684,0.7
Q9ULL8_PF00595_7,38428,38462,0.9991160106078728,719.0497117101627,8.361043159420497,86,78,0.9069767441860463,0.7
Q9ULT8_PF18410_1892,3476,3477,0.999712395743457,101.90477242451288,1.4985995944781307,68,66,0.9705882352941176,0.7
Q9ULZ3_PF00619_114,6048,6069,0.9965397923875432,1072.307179096954,13.238360235764862,81,79,0.9753086419753086,0.7
Q9UNF0_PF00018_428,223391,223520,0.99942287043665,5818.739224531183,98.6226987208675,59,51,0.864406779661017,0.9
Q9UPQ7_PF00595_244,207136,207254,0.9994306503131424,1798.8089902838633,18.934831476672244,95,83,0.8736842105263158,0.7
Q9UPQ7_PF00595_414,5819,5826,0.9987984895296944,123.12242563172548,1.3680269514636163,90,90,1.0,0.7
Q9UPW6_PF02376_358,12508,12542,0.9972891085951204,87.20279422744716,1.1325038211356773,77,68,0.8831168831168831,0.5
Q9UPW6_PF02376_482,12531,12564,0.9973734479465138,77.56167232943312,1.0341556310591082,75,68,0.9066666666666666,0.5
Q9UQR1_PF00096_172,14619,14620,0.9999316005471957,252.84399769118295,11.492908985962863,22,21,0.9545454545454546,1.5
Q9Y222_PF00249_226,30594,30599,0.9998365959671884,1940.873943104173,48.52184857760433,40,38,0.95,0.9
Q9Y2G7_PF00096_411,545908,546424,0.9990556783743028,1137.9455965271636,51.7247998421438,22,21,0.9545454545454546,1.6
Q9Y2T7_PF00313_86,35232,35379,0.9958449927923344,3287.5724058206706,35.73448267196381,92,64,0.6956521739130435,0.7
Q9Y3R0_PF00595_666,237718,237857,0.9994156152646336,1894.593954969229,20.81971379087065,91,80,0.8791208791208791,0.7
Q9Y462_PF00096_506,505383,505732,0.9993099111782524,1337.6190664263663,60.80086665574392,22,21,0.9545454545454546,1.6
Q9Y4I5_PF03638_368,16483,16489,0.9996361210503972,675.1740963627736,18.75483601007705,36,34,0.9444444444444444,0.7
Q9Y4J8_PF00569_235,53287,53319,0.9993998387066524,3156.7884183585966,52.61314030597661,60,52,0.8666666666666667,0.7
Q9Y5K6_PF00018_271,246727,246887,0.9993519302352898,5867.960334757616,96.19607106160026,61,52,0.8524590163934426,0.9
Q9Y5K6_PF14604_1,91124,91191,0.9992652783717692,1947.7144654458968,33.01210958382876,59,52,0.8813559322033898,1.1
Q9Y5K6_PF14604_109,101884,101933,0.999519292084016,1764.5777055244776,28.92750336925373,61,53,0.8688524590163934,1.1
Q9Y618_PF00249_613,57496,57518,0.9996175110400224,1467.850172056437,25.30776158717995,58,48,0.8275862068965517,0.7
Q9Y6N9_PF00595_207,123241,123337,0.9992216447619124,1477.5099333027636,16.60123520564903,89,74,0.8314606741573034,0.7
Q9Y6V0_PF05715_1058,14013,14023,0.9992868858304216,107.5008727657124,1.8859802239598664,57,56,0.9824561403508772,0.7
