protein,num_seqs,num_seqs_unfiltered,perc_filtered,n_eff,n_eff_l,seq_len,num_cov,perc_cov,bitscore,MSA_Neff_L_category
A0A2R8Y422_PF00240_2,61139,61559,0.9931772770837732,5929.1,84.70113975759325,70,68,0.971,0.7,medium
A0PJY2_PF00096_289,1738850,1740971,0.9987817143421688,18757.1,852.5959131733064,22,21,0.955,1.2,high
A1X283_PF00018_155,514408,514768,0.9993006558294222,14421.0,262.19954993076897,55,49,0.891,0.7,high
A1X283_PF00018_222,503000,503356,0.9992927470815884,14439.4,244.73536873256768,59,50,0.847,0.7,high
A2RRE5_PF01846_267,4527,4543,0.9964780981730136,128.7,2.042929798890722,63,60,0.952,0.7,medium
A6NK59_PF07525_532,29706,29746,0.9986552813823708,2172.1,52.97858669168165,41,36,0.878,0.7,medium
EHEE-rd1-0882_rockdoms_1,461951,462120,0.9996342941227386,109295.7,2732.392536710708,40,30,0.75,0.5,high
HHH-rd1-0142_rockdoms_1,95906,96071,0.9982825202194212,5839.2,135.7964197456383,43,35,0.814,0.5,high
O00330_PF02817_181,123402,123553,0.9987778524196094,11312.8,240.6975238111672,47,37,0.787,0.9,high
O14529_PF02376_1036,24578,24608,0.9987808842652796,178.4,2.004796644114986,89,78,0.876,0.7,medium
O14529_PF02376_895,24743,24769,0.9989503007791998,180.3,2.613064302720149,69,67,0.971,0.7,medium
O14640_PF00595_246,592066,592516,0.9992405268380938,7029.8,75.58975178547277,93,80,0.86,0.5,medium
O14640_PF00778_4,13349,13362,0.9990270917527316,262.5,3.365480889050912,78,72,0.923,0.7,medium
O14776_PF01846_645,11991,11998,0.999416569428238,237.6,3.443567190565465,69,57,0.826,0.7,medium
O14776_PF01846_727,18919,18932,0.9993133319247834,674.4,13.487320832340014,50,48,0.96,0.7,medium
O14776_PF01846_793,18638,18650,0.9993565683646112,792.8,12.787010626677588,62,57,0.919,0.7,medium
O14776_PF01846_897,4870,4874,0.9991793188346328,264.0,4.474825139554961,59,57,0.966,0.7,medium
O14776_PF01846_955,4579,4582,0.9993452640768224,288.0,5.143388985149117,56,56,1.0,0.7,medium
O14813_PF00046_92,290088,290756,0.9977025409621814,6198.4,110.68528234101927,56,55,0.982,0.7,high
O14901_PF00096_395,100762,100808,0.9995436870089676,1645.2,68.55068960167294,24,21,0.875,1.2,medium
O14936_PF00595_488,28945,28978,0.9988612050521084,354.8,4.326572027063037,82,81,0.988,0.7,medium
O15151_PF00641_299,51648,51681,0.9993614674638648,5942.8,191.7017065232303,31,25,0.806,0.7,high
O15259_PF00018_152,166708,166807,0.9994064997272296,5319.0,88.64986260503899,60,51,0.85,0.9,medium
O15265_PF08313_334,8135,8141,0.9992629898046924,253.1,4.148516352857915,61,57,0.934,0.7,medium
O15266_PF00046_119,298587,299260,0.9977511194279222,6293.1,112.37664172124146,56,55,0.982,0.7,high
O15344_PF00643_172,120249,120451,0.9983229695062724,6874.2,159.864455111144,43,37,0.86,0.7,high
O15350_PF07647_487,60304,60338,0.9994365076734396,1534.4,24.355190088313854,63,55,0.873,0.5,medium
O15405_PF00505_256,120642,120909,0.9977917276629532,6424.6,94.47902584118644,68,66,0.971,0.7,medium
O15541_PF00642_198,48580,48593,0.9997324717551912,3149.1,125.96393508629664,25,20,0.8,0.9,high
O43167_PF00096_351,1304838,1305716,0.9993275719988114,27895.6,1267.983114787234,22,21,0.955,1.2,high
O43167_PF00096_435,1902536,1904347,0.9990490178523136,30654.0,1393.3653298247723,22,21,0.955,1.2,high
O43186_PF00046_41,293730,294385,0.9977750225045434,6226.7,111.19037914439376,56,54,0.964,0.7,high
O43295_PF00018_745,318520,318707,0.9994132541801718,7183.1,123.84705956247298,58,51,0.879,0.9,high
O43353_PF00619_438,15279,15348,0.9955043002345584,1613.9,19.92434937772435,81,71,0.877,0.5,medium
O43374_PF00779_682,21988,22005,0.9992274483072028,649.2,23.185364433912948,28,25,0.893,0.7,medium
O43395_PF01480_10,1510,1510,1.0,115.1,1.6931790109693754,68,67,0.985,0.7,medium
O43586_PF00018_361,347521,347729,0.9994018330366464,9005.8,160.81697127327655,56,50,0.893,0.9,high
O60281_PF00096_808,2007,2007,1.0,99.9,4.16082070752358,24,24,1.0,1.2,medium
O60293_PF10650_1186,46128,46134,0.9998699440759526,2512.2,132.22183897312274,19,18,0.947,0.9,high
O60341_PF04433_186,2826,2829,0.9989395546129376,129.8,1.6424510964140735,79,79,1.0,0.7,medium
O60481_PF00096_389,1728409,1730059,0.9990462753004378,26040.0,1183.635885862445,22,21,0.955,1.2,high
O60885_PF17035_607,15537,15555,0.9988428158148506,606.5,9.052671268879124,67,64,0.955,0.7,medium
O75112_PF00595_1,58045,58106,0.9989501944721716,1026.2,12.363689374817822,83,79,0.952,0.7,medium
O75360_PF00046_71,291638,292313,0.9976908314033244,6276.9,112.08677986977814,56,55,0.982,0.7,high
O75366_PF02209_785,39734,39751,0.9995723378028226,1167.2,33.34733611982031,35,35,1.0,0.7,medium
O75369_PF00630_1423,175147,175386,0.9986372914599796,2545.6,28.284257962678183,90,85,0.944,0.7,medium
O75369_PF00630_2109,43344,43375,0.99928530259366,552.4,7.081722064151149,78,67,0.859,0.7,medium
O75369_PF00630_2289,28794,28812,0.9993752603082048,372.4,4.138285174947537,90,79,0.878,0.7,medium
O75382_PF00643_111,111282,111436,0.9986180408485588,6487.1,147.43310147726413,44,37,0.841,0.7,high
O75400_PF00397_176,23744,23767,0.999032271637144,1056.4,20.712803694153287,51,37,0.725,0.7,medium
O75400_PF01846_395,23052,23062,0.9995663862631168,917.4,18.3478236165062,50,49,0.98,0.7,medium
O75400_PF01846_459,7400,7404,0.9994597514856834,267.4,4.952772500836255,54,53,0.981,0.7,medium
O75400_PF01846_670,6148,6153,0.9991873882658866,158.5,2.882246622927038,55,55,1.0,0.7,medium
O75400_PF01846_745,7054,7059,0.9992916843745572,330.9,5.515114577214447,60,60,1.0,0.7,medium
O75478_PF04433_375,5671,5676,0.9991190979563072,650.5,9.855662897714758,66,64,0.97,0.7,medium
O75534_PF00313_184,21345,21378,0.998456357002526,961.3,13.53875302172824,71,63,0.887,0.7,medium
O75534_PF00313_23,43676,43748,0.9983542104781932,3008.6,43.60315563133148,69,60,0.87,0.7,medium
O75534_PF00313_347,18567,18596,0.9984405248440524,497.4,6.908489565133777,72,66,0.917,0.7,medium
O75554_PF06220_8,9433,9438,0.999470226742954,512.7,14.24144318596052,36,31,0.861,0.7,medium
O75808_PF00641_4,38553,38562,0.999766609615684,3246.7,120.24758417933546,27,22,0.815,0.9,high
O75953_PF00226_4,218477,218981,0.9976984304574368,19072.8,307.6255119769014,62,62,1.0,1.1,high
O75970_PF00595_1003,6672,6675,0.9995505617977528,125.3,1.4237203117052533,88,85,0.966,0.7,medium
O75970_PF00595_1860,362039,362287,0.9993154598426108,3450.9,40.59883191436305,85,79,0.929,0.7,medium
O75970_PF00595_372,307540,307734,0.9993695854211754,2784.3,30.264018466554493,92,83,0.902,0.7,medium
O75970_PF00595_693,88576,88634,0.9993456235756032,609.6,6.350373930831421,96,88,0.917,0.7,medium
O94830_PF00536_389,33903,33924,0.9993809692253272,2034.0,34.474822573917336,59,53,0.898,0.7,medium
O94885_PF00536_630,36924,36955,0.9991611419293736,578.9,8.153572111398713,71,61,0.859,0.7,medium
O94929_PF00412_149,298561,298849,0.9990363026143638,7515.6,129.57941210162073,58,53,0.914,0.7,high
O94929_PF00412_210,56922,56999,0.9986490991070018,668.8,11.733422593918908,57,53,0.93,0.7,medium
O94993_PF00505_338,108867,109099,0.9978734910494138,6197.5,92.50050235519508,67,67,1.0,0.7,medium
O95076_PF00046_155,287999,288675,0.9976582662163332,6165.2,110.09271741711356,56,55,0.982,0.7,high
O95155_PF04564_1229,41392,41459,0.9983839455847946,4230.9,59.58988381126262,71,68,0.958,0.7,medium
O95218_PF00641_11,40600,40627,0.9993354173333006,1959.6,78.38541839844088,25,22,0.88,0.7,medium
O95218_PF00641_9,39912,39940,0.999298948422634,1757.7,65.10036593439146,27,22,0.815,0.7,medium
O95267_PF00130_539,131169,131256,0.9993371731577984,1989.1,36.166231518953815,55,50,0.909,0.7,medium
O95343_PF00046_212,157992,158146,0.999026216281158,4638.3,90.94786343523036,51,46,0.902,0.7,medium
O95409_PF18366_250,6674,6752,0.9884478672985784,192.3,4.1806613787056905,46,45,0.978,0.7,medium
O95475_PF00046_134,183721,183899,0.9990320773903066,4870.2,95.4943520784446,51,46,0.902,0.7,medium
O95714_PF11515_2555,5712,5732,0.9965108164689462,79.2,1.0420595148153131,76,72,0.947,0.7,medium
O95718_PF00105_100,103556,103793,0.997716609019876,3206.1,41.6380771462662,77,72,0.935,0.7,medium
O95789_PF06467_427,7617,7622,0.9993440041983732,186.9,4.671483293996863,40,37,0.925,0.7,medium
O95789_PF06467_469,9159,9161,0.9997816832223556,108.0,3.001010124424283,36,33,0.917,0.7,medium
O95793_PF00035_183,89971,90135,0.998180507017252,13579.0,202.6718698352887,67,61,0.91,0.7,high
O95835_PF00627_98,12812,12823,0.9991421664197144,839.8,19.087249377542395,44,36,0.818,0.7,medium
P00519_PF00018_64,449376,449663,0.999361744239575,13539.8,237.53961284444296,57,50,0.877,0.7,high
P01053_PF00280_22,3427,3433,0.9982522575007282,1153.1,18.30366931048717,63,63,1.0,0.7,medium
P02417_PF01281_1,50851,50985,0.9973717760125528,6121.1,130.2360764601307,47,44,0.936,0.7,high
P02549_PF00018_979,232597,232726,0.9994457000936724,6602.2,113.83175753597546,58,50,0.862,0.9,high
P02585_PF13499_1,97696,97938,0.9975290489901776,9388.6,113.11537806839787,83,67,0.807,0.7,high
P02633_PF01023_1,13609,13788,0.9870176965477226,1275.2,16.14114032852524,79,74,0.937,0.7,medium
P02640_PF02209_762,39305,39334,0.999262724360604,1089.9,16.768451528623153,65,61,0.938,0.7,medium
P02640_PF02209_792,39733,39750,0.9995723270440252,1166.1,33.31580289892408,35,35,1.0,0.7,medium
P03034_PF01381_4,3140,3146,0.9980928162746344,596.5,7.848748556082453,76,75,0.987,0.7,medium
P04049_PF02196_58,6115,6123,0.9986934509227504,122.8,1.7301213769064707,71,68,0.958,0.7,medium
P04150_PF00105_419,103507,103727,0.9978790478853145,3111.6,40.94178023255138,76,71,0.934,0.7,medium
P05813_PF00030_31,48032,48351,0.9934024115323364,970.5,10.904754576508646,89,81,0.91,0.7,medium
P06239_PF00018_63,109304,109382,0.9992869027810792,3474.2,59.89920520294535,58,50,0.862,0.9,medium
P06241_PF00018_83,450833,451125,0.9993527292878914,12136.1,198.9517241219121,61,51,0.836,0.7,high
P07315_PF00030_4,50863,51206,0.9933015662227084,1250.0,16.447259918332975,76,74,0.974,0.7,medium
P07315_PF00030_91,50028,50374,0.9931313772978124,1112.1,13.900662774961411,80,78,0.975,0.7,medium
P07316_PF00030_1,50214,50563,0.9930977196764432,1226.3,14.59910430796726,84,80,0.952,0.7,medium
P07316_PF00030_87,49252,49586,0.9932642278062356,1120.5,12.87881399079852,87,80,0.92,0.7,medium
P07320_PF00030_90,50252,50603,0.9930636523526272,1190.2,14.693429062385764,81,79,0.975,0.7,medium
P07751_PF00018_968,190727,190820,0.9995126297033854,4821.8,81.72596180302587,59,51,0.864,0.9,medium
P07814_PF00458_827,18242,18267,0.9986314118355504,1295.1,24.90547568302331,52,47,0.904,0.7,medium
P08151_PF00096_363,23185,23194,0.9996119686125722,295.0,11.798293787608507,25,22,0.88,1.2,medium
P08235_PF00105_600,103169,103398,0.9977852569682198,3315.3,43.62245251056317,76,70,0.921,0.7,medium
P08631_PF00018_80,468267,468567,0.999359750046418,13506.0,232.86253828835748,58,49,0.845,0.7,high
P09086_PF00157_200,23353,23418,0.9972243573319668,123.5,1.764262811524598,70,69,0.986,0.7,medium
P09327_PF02209_793,39745,39762,0.9995724561138776,1168.8,33.39442958052107,35,35,1.0,0.7,medium
P0A9X9_PF00313_3,121466,121807,0.9972004892986446,11475.3,168.75443055540396,68,62,0.912,0.7,high
P0CI26_PF00643_87,99569,99826,0.9974255204055056,5950.2,126.60059536646948,47,38,0.809,0.7,high
P10070_PF00096_565,23326,23335,0.9996143132633384,298.7,11.947168339620388,25,22,0.88,1.2,medium
P10071_PF00096_608,23838,23847,0.9996225940369858,412.0,16.481055612765648,25,23,0.92,1.2,medium
P10242_PF00249_143,81023,81115,0.9988658078037356,4005.5,64.60516433691987,62,52,0.839,0.7,medium
P10242_PF00249_40,95150,95218,0.9992858493142052,5997.5,127.60643530920196,47,46,0.979,0.9,high
P10275_PF00105_557,103459,103694,0.997733716512045,3210.9,42.24827639183207,76,72,0.947,0.7,medium
P10398_PF02196_21,6158,6166,0.9987025624391828,130.3,1.888984330529862,69,69,1.0,0.7,medium
P10589_PF00105_83,103469,103686,0.9979071427193642,3072.7,39.90566450254028,77,71,0.922,0.7,medium
P10826_PF00105_85,103544,103781,0.9977163449957122,3202.8,41.59537500679736,77,72,0.935,0.7,medium
P11182_PF02817_171,74326,74400,0.999005376344086,5335.9,121.27082871182508,44,38,0.864,1.1,high
P11308_PF02198_117,16204,16236,0.9980290711998028,536.3,6.620596280264214,81,73,0.901,0.7,medium
P11844_PF00030_85,48836,49177,0.9930658641234724,1031.0,11.584211025057687,89,81,0.91,0.7,medium
P11961_PF02817_126,76497,76595,0.9987205431163914,6428.9,133.9357468641143,48,41,0.854,1.1,high
P12081_PF00458_8,21542,21563,0.9990261095394888,1699.2,44.714974992622025,38,35,0.921,0.7,medium
P12931_PF00018_87,115219,115299,0.9993061518313257,3348.9,58.75321896917888,57,51,0.895,0.9,medium
P12956_PF02037_558,4059,4068,0.9977876106194692,962.6,18.51214732106552,52,45,0.865,0.7,medium
P13796_PF13499_13,4818,4826,0.9983423124740988,238.9,2.844290324542019,84,84,1.0,0.7,medium
P13984_PF02270_177,4579,4586,0.9984736153510684,476.1,7.438557451645468,64,64,1.0,0.7,medium
P14598_PF00018_157,393385,393661,0.9992988891457372,11133.5,168.6894438865449,66,53,0.803,0.7,high
P14653_PF00046_208,285154,285748,0.9979212452930554,6051.0,114.16978045193436,53,51,0.962,0.7,high
P14859_PF00157_285,23352,23417,0.9972242388008712,123.5,1.7642655594763108,70,69,0.986,0.7,medium
P14921_PF02198_55,16437,16471,0.997935765891567,559.6,6.908870574745461,81,73,0.901,0.7,medium
P15056_PF02196_153,6123,6132,0.99853228962818,127.4,1.67614038594831,76,74,0.974,0.7,medium
P15498_PF00018_592,8182,8190,0.999023199023199,101.9,1.5204052729327326,67,61,0.91,0.7,medium
P15498_PF00018_782,486472,486792,0.9993426350474124,12262.5,201.0245299479883,61,51,0.836,0.7,high
P16157_PF00531_1405,35099,35112,0.9996297562087036,134.1,1.6763118473300804,80,79,0.988,0.7,medium
P16885_PF00018_772,284572,284743,0.9993994584590314,7410.3,132.32703891236935,56,50,0.893,0.9,high
P16989_PF00313_84,6390,6428,0.9940883634100808,401.4,4.6670484788212825,86,81,0.942,0.9,medium
P17480_PF00505_408,123943,124195,0.9979709328072788,6637.1,107.04923381144732,62,59,0.952,0.7,high
P19793_PF00105_132,103592,103830,0.9977077915823944,3211.8,41.71123108174671,77,72,0.935,0.7,medium
P19873_PF00280_1,3347,3353,0.9982105577095138,1118.6,16.45010047945223,68,64,0.941,0.7,medium
P19878_PF00018_241,508873,509217,0.9993244530327936,13589.8,226.49625045581428,60,51,0.85,0.7,high
P19878_PF00018_456,304845,305035,0.9993771206582852,6863.6,116.3313916720069,59,51,0.864,0.9,high
P19878_PF00564_353,2112,2116,0.998109640831758,189.9,2.532246532686811,75,73,0.973,0.7,medium
P20264_PF00046_408,288223,288882,0.9977187917558034,6127.0,109.41073728093268,56,55,0.982,0.7,high
P20264_PF00157_320,23322,23384,0.997348614437222,119.0,1.724542592188873,69,69,1.0,0.7,medium
P20265_PF00046_356,287303,287955,0.9977357573231928,6095.8,108.8536374051226,56,55,0.982,0.7,high
P20265_PF00157_262,23170,23239,0.997030853306941,135.5,1.7592278268184869,77,75,0.974,0.7,medium
P20929_PF14604_6609,248690,248836,0.9994132681766305,5958.5,97.68084445622296,61,51,0.836,0.9,medium
P20936_PF00018_281,185109,185206,0.9994762588685032,5091.7,83.47015867039616,61,52,0.852,0.7,medium
P22492_PF00538_44,18553,18645,0.9950657012603916,1409.0,20.420722601358683,69,66,0.957,0.7,medium
P22681_PF00627_854,6236,6239,0.9995191537105306,161.1,3.5024477033588566,46,37,0.804,0.7,medium
P22914_PF00030_96,50081,50425,0.9931779871095686,1121.7,13.848429235573034,81,78,0.963,0.7,medium
P23759_PF00046_219,296516,297189,0.9977354478126714,6325.4,112.95442776509168,56,55,0.982,0.7,high
P25490_PF00096_384,1540038,1541340,0.9991552804702402,18564.8,773.5339319646655,24,22,0.917,1.2,high
P25685_PF00226_4,219045,219543,0.9977316516582172,19210.5,309.8463196226678,62,62,1.0,1.1,high
P26367_PF00046_213,288546,289190,0.9977730903558214,6109.3,111.07764332316262,55,54,0.982,0.7,high
P26651_PF00642_105,40539,40555,0.9996054740475896,3554.9,142.19539578857572,25,23,0.92,0.9,high
P28069_PF00157_130,23248,23311,0.9972974132383852,118.2,1.7135201693883513,69,68,0.986,0.7,medium
P28360_PF00046_174,291924,292599,0.9976930884931254,5989.3,106.95177720201173,56,56,1.0,0.7,high
P32081_PF00313_1,121066,121416,0.9971173486196218,11600.4,173.13990366445077,67,62,0.925,0.7,high
P32243_PF00046_40,292349,292998,0.99778496781548,6206.2,110.82505939615886,56,54,0.964,0.7,high
P35251_PF00533_405,93502,93707,0.9978123299219908,11674.0,155.65272593365884,75,70,0.933,0.9,high
P35548_PF00046_144,293017,293699,0.997677894715338,6015.7,107.42258926842578,56,56,1.0,0.7,high
P35711_PF00505_557,92742,92933,0.9979447558994116,5295.8,77.88000946952398,68,67,0.985,0.7,medium
P35712_PF00505_622,86801,86991,0.9978158660091274,5200.3,76.47551170411006,68,67,0.985,0.7,medium
P35713_PF00505_87,93798,93988,0.9979784653360004,5159.4,77.00583507214573,67,66,0.985,0.7,medium
P35716_PF00505_50,95526,95724,0.9979315532154944,5457.5,80.25733446667377,68,67,0.985,0.7,medium
P36075_PF02845_9,31180,31197,0.9994550758085712,3404.8,87.30293674130648,39,32,0.821,0.5,medium
P39880_PF00046_1246,308164,308839,0.9978143952026785,6784.5,121.15112247753834,56,55,0.982,0.7,high
P39880_PF02376_548,24683,24711,0.9988669013799524,188.0,2.29230695889881,82,76,0.927,0.7,medium
P39880_PF02376_941,24775,24802,0.998911378114668,185.1,2.7223368707939737,68,66,0.971,0.7,medium
P39940_PF00397_324,178661,178748,0.9995132812674828,3129.9,72.7890889718803,43,33,0.767,0.7,medium
P41002_PF00646_28,7908,7922,0.9982327695026508,1065.8,20.10884054159893,53,43,0.811,0.7,medium
P41016_PF00313_1,120200,120537,0.9972041779702498,10894.0,165.0599527167978,66,61,0.924,0.7,high
P41225_PF00505_140,87474,87663,0.9978440162896548,5188.5,76.30180695353138,68,67,0.985,0.7,medium
P41229_PF00628_319,150533,150600,0.999555112881806,4582.5,83.31834666641299,55,45,0.818,0.7,medium
P42766_PF00831_9,31010,31160,0.995186136071887,5629.7,102.35746364408776,55,51,0.927,0.7,high
P43320_PF00030_106,49617,49945,0.993432776053659,1109.6,13.209954271896493,84,79,0.94,0.7,medium
P43354_PF00105_260,103535,103767,0.997764221766072,3200.2,41.56079445748715,77,72,0.935,0.7,medium
P45973_PF00385_21,46171,46244,0.998421416832454,6037.5,123.21432750091118,49,46,0.939,0.7,high
P46937_PF00397_165,103330,103378,0.9995356845750548,3412.8,74.19037363077025,46,33,0.717,1.0,medium
P47974_PF00642_193,49235,49252,0.9996548363518232,4274.9,178.12071468886504,24,22,0.917,0.9,high
P48431_PF00505_42,98552,98761,0.9978837800346292,5493.1,80.78145861020205,68,67,0.985,0.7,medium
P49335_PF00046_280,293466,294130,0.9977424948152176,6266.0,111.89341103658164,56,55,0.982,0.7,high
P49792_PF00641_1414,80561,80591,0.999627749996898,6878.2,229.27419586915855,30,23,0.767,0.7,high
P49792_PF00641_1478,72712,72745,0.99954636057461,6342.7,204.6042036309292,31,25,0.806,0.7,high
P50539_PF00010_70,14179,14216,0.997397298818233,331.0,6.489590431629596,51,48,0.941,0.7,medium
P51451_PF00018_59,467738,468032,0.9993718378230548,13399.4,227.1078738603807,59,49,0.831,0.7,high
P51508_PF00096_331,1761301,1763322,0.9988538678698502,19381.4,880.9742176919771,22,21,0.955,1.2,high
P51508_PF00096_555,1733742,1735744,0.998846604107518,18591.0,845.0432105422271,22,21,0.955,1.2,high
P51532_PF07533_612,24071,24077,0.9997507995182124,464.6,10.803809668500152,43,39,0.907,0.7,medium
P51608_PF01429_91,12521,12534,0.9989628211265358,539.0,7.486181683756205,72,59,0.819,0.7,medium
P51687_PF00173_87,42385,42455,0.998351195383347,6610.2,89.32707649486257,74,68,0.919,0.7,medium
P53673_PF00030_14,48583,48906,0.9933954933954934,984.7,11.863417624751389,83,76,0.916,0.7,medium
P53674_PF00030_57,49275,49609,0.9932673506823358,1039.9,11.952647847635808,87,81,0.931,0.7,medium
P53804_PF13639_1957,128064,128133,0.9994614970382336,11887.7,289.94432936004256,41,40,0.976,1.1,high
P54277_PF00505_572,120075,120335,0.9978393651057464,6105.3,92.50438644867896,66,62,0.939,0.7,medium
P54727_PF00627_186,32335,32355,0.999381857518158,2389.3,53.09503635635773,45,38,0.844,0.7,medium
P54727_PF00627_361,9726,9732,0.999383477188656,587.8,13.062997322543604,45,41,0.911,0.7,medium
P54821_PF00046_96,294814,295487,0.9977224040313112,6290.1,112.32343442357752,56,55,0.982,0.7,high
P55072_PF02359_26,5785,5795,0.998274374460742,261.5,3.227786984362334,81,81,1.0,0.7,medium
P55265_PF02295_136,2171,2174,0.998620055197792,183.6,2.823927506109145,65,60,0.923,0.7,medium
P55265_PF02295_296,4249,4256,0.9983552631578948,288.8,4.584355249024037,63,57,0.905,0.7,medium
P55895_PF13341_415,1295,1330,0.9736842105263158,15.8,0.2058119956981951,77,77,1.0,0.7,low
P56915_PF00046_162,296205,296886,0.9977061902548452,6304.2,112.5751079170852,56,55,0.982,0.7,high
P57071_PF00096_1085,1809142,1810748,0.9991130737131836,30877.2,1403.508028797138,22,21,0.955,1.2,high
P57073_PF00505_103,85282,85463,0.9978821244281152,4839.1,71.16331508220654,68,67,0.985,0.7,medium
P60002_PF05129_3,3040,3057,0.994438992476284,465.7,6.047541705056652,77,76,0.987,0.7,medium
P60321_PF05741_63,3820,3828,0.9979101358411704,528.6,9.973333910067083,53,53,1.0,0.7,medium
P61024_PF01111_1,4101,4128,0.9934593023255814,357.0,4.519226400979569,79,72,0.911,0.7,medium
P61086_PF00627_158,34481,34498,0.999507217809728,2873.2,66.81830415754509,43,35,0.814,0.7,medium
P61960_PF03671_4,1735,1747,0.993131081854608,50.4,0.6806844426754232,74,74,1.0,0.5,low
P61978_PF00013_385,119375,119490,0.9990375763662231,3038.6,41.06219349890079,74,65,0.878,0.7,medium
P62993_PF00018_159,334913,335104,0.9994300276928954,8607.5,153.70616471434792,56,50,0.893,0.9,high
P67809_PF00313_52,5010,5048,0.992472266244057,154.9,1.7024067381884669,91,91,1.0,0.9,medium
P78352_PF00595_157,317511,317724,0.9993296068285682,2949.7,32.77402523862158,90,82,0.911,0.7,medium
P78352_PF00595_309,378325,378568,0.9993581073941802,3746.8,42.57782858413497,88,80,0.909,0.7,medium
P78352_PF00595_60,287222,287392,0.9994084734439372,2677.2,28.48042700749384,94,85,0.904,0.7,medium
P78424_PF00046_609,299292,299947,0.9978162808762882,6251.0,113.6548838991,55,53,0.964,0.7,high
P78545_PF02198_50,3003,3027,0.99207135777998,125.5,1.5300959243634886,82,73,0.89,0.7,medium
P78563_PF00035_80,107518,107710,0.998217435706991,13792.5,226.1071405148972,61,58,0.951,0.7,high
P82979_PF02037_3,33338,33383,0.998652008507324,2418.7,53.74899016888705,45,37,0.822,0.8,medium
P98175_PF00641_214,42223,42253,0.9992899912432254,3659.4,130.69209592197828,28,25,0.893,0.7,high
P98175_PF00641_216,39114,39142,0.9992846558683768,2485.9,95.6127179088138,26,25,0.962,0.9,medium
Q00839_PF02037_6,42690,42754,0.9985030640407916,4455.4,108.66914451017954,41,33,0.805,0.7,high
Q00987_PF00641_299,3873,3876,0.9992260061919505,131.2,4.523684705277043,29,26,0.897,0.9,medium
Q01484_PF00531_3571,35183,35196,0.999630639845437,137.9,1.7243302804402756,80,79,0.988,0.7,medium
Q01543_PF02198_116,16040,16072,0.9980089596814335,540.0,6.585127690304901,82,75,0.915,0.7,medium
Q01826_PF02376_371,12572,12605,0.9973819912733044,90.8,1.2109902943034274,75,68,0.907,0.5,medium
Q01826_PF02376_494,12611,12644,0.9973900664346724,101.9,1.3773375226235367,74,68,0.919,0.5,medium
Q01826_PF16557_178,3775,3782,0.998149127445796,40.3,0.5750538625826896,70,70,1.0,0.7,low
Q01851_PF00157_266,23033,23102,0.997013245606441,117.0,1.4273100674324617,82,71,0.866,0.7,medium
Q01860_PF00157_134,23052,23125,0.9968432432432432,138.6,1.7546488348422893,79,75,0.949,0.7,medium
Q03052_PF00157_247,23082,23156,0.9968042839868716,136.9,1.7556811451342964,78,75,0.962,0.7,medium
Q03164_PF02008_1148,23028,23036,0.9996527174856746,437.7,9.312613935613678,47,45,0.957,0.7,medium
Q03181_PF00105_71,103641,103858,0.9979106087157464,3241.4,43.21830688047562,75,70,0.933,0.7,medium
Q05066_PF00505_61,97574,97777,0.9979238471215112,5476.4,80.53505860211155,68,67,0.985,0.7,medium
Q05086_PF16558_30,2369,2369,1.0,255.0,4.473473163927134,57,55,0.965,0.7,medium
Q05195_PF00010_58,16384,16428,0.9973216459702946,461.9,8.882144281490461,52,49,0.942,0.7,medium
Q05655_PF00130_228,125963,126048,0.999325653719218,1830.9,33.2890261315635,55,50,0.909,0.7,medium
Q06187_PF00018_215,489386,489705,0.9993485874148722,13584.2,230.24058714722875,59,51,0.864,0.7,high
Q06546_PF02198_172,16885,16922,0.9978134972225504,607.6,7.691250819897427,79,73,0.924,0.7,medium
Q06787_PF00013_217,9063,9068,0.999448610498456,172.0,2.606171010774258,66,64,0.97,0.7,medium
Q06945_PF00505_60,87599,87790,0.9978243535710216,5212.8,76.6591696952664,68,67,0.985,0.7,medium
Q08881_PF00018_172,506809,507129,0.9993689968430124,13706.9,232.3202238000958,59,51,0.864,0.7,high
Q09472_PF02172_567,9493,9501,0.9991579833701716,164.5,1.9584079224264128,84,82,0.976,0.7,medium
Q12824_PF04855_181,9518,9525,0.9992650918635172,854.1,12.55987443721039,68,62,0.912,0.7,medium
Q12830_PF00628_2862,61100,61127,0.99955829666105,3446.4,60.46315837352864,57,48,0.842,0.7,medium
Q12837_PF00157_256,23159,23223,0.9972441114412436,113.3,1.573068237342946,72,68,0.944,0.7,medium
Q12873_PF00628_374,187091,187182,0.9995138421429411,5669.5,106.97154382127442,53,43,0.811,0.7,high
Q12899_PF00643_97,104304,104541,0.9977329468820846,5902.2,134.14185473711106,44,38,0.864,0.7,high
Q12929_PF00018_533,70277,70338,0.9991327589638602,2667.1,45.98389043454216,58,52,0.897,0.9,medium
Q12929_PF18016_720,7573,7583,0.9986812607147568,293.9,4.9818269990864925,59,57,0.966,0.7,medium
Q12955_PF00531_4094,35197,35210,0.9996307867083216,147.4,1.8894514178511013,78,78,1.0,0.7,medium
Q12965_PF00018_1051,323313,323509,0.9993941435941504,7269.0,125.32807621476086,58,51,0.879,0.9,high
Q13009_PF00595_843,7887,7897,0.9987336963403824,177.3,2.111238296786452,84,79,0.94,0.5,medium
Q13148_PF18694_5,3115,3118,0.99903784477229,244.8,3.4000171581983,72,70,0.972,0.7,medium
Q13158_PF01335_1,6391,6419,0.9956379498364232,868.5,10.099274944112228,86,78,0.907,0.7,medium
Q13163_PF00564_15,1971,1971,1.0,44.3,0.4665186811372392,95,94,0.989,0.5,low
Q13263_PF00628_620,188345,188437,0.9995117731655672,5777.4,111.10389394658014,52,43,0.827,0.7,high
Q13368_PF00595_132,28870,28905,0.9987891368275384,350.8,3.9420662072695776,89,84,0.944,0.7,medium
Q13424_PF00595_79,226442,226582,0.9993821221456248,1953.8,21.00856323807768,93,80,0.86,0.7,medium
Q13472_PF06839_812,28466,28492,0.99908746314755,3855.7,96.39331394081236,40,37,0.925,0.7,medium
Q13472_PF06839_896,25158,25176,0.9992850333651097,3406.7,79.22657433187865,43,41,0.953,0.7,medium
Q13501_PF00569_120,50802,50830,0.9994491442061776,4452.4,85.62218879177183,52,44,0.846,0.7,medium
Q13501_PF16577_389,2367,2368,0.9995777027027029,197.1,3.791287984571016,52,45,0.865,0.7,medium
Q13526_PF00397_1,216702,216778,0.999649410918082,5707.0,142.67566594800124,40,32,0.8,0.7,high
Q13642_PF00412_160,299740,300012,0.9990933695985494,7298.8,130.3360883698694,56,52,0.929,0.7,high
Q13642_PF00412_99,232402,232594,0.9991745272878922,6051.9,100.86477184813204,60,54,0.9,0.7,high
Q13813_PF13499_2327,15252,15263,0.9992793028893402,144.4,1.977791759095809,73,65,0.89,0.7,medium
Q14151_PF02037_27,27566,27574,0.999709871618191,1349.2,30.66332866617336,44,37,0.841,0.9,medium
Q14160_PF00595_857,266545,266687,0.9994675406000292,2246.8,23.162988179301227,97,82,0.845,0.7,medium
Q14192_PF00412_38,225362,225551,0.9991620520414451,5710.8,95.1792391132804,60,53,0.883,0.7,medium
Q14202_PF06467_350,9443,9453,0.99894213477203,229.8,5.106466957257361,45,44,0.978,0.7,medium
Q14202_PF06467_405,8822,8825,0.9996600566572238,194.4,4.8603225284782114,40,36,0.9,0.7,medium
Q14202_PF06467_589,7789,7795,0.999230275817832,221.7,5.68473012692748,39,37,0.949,0.7,medium
Q14202_PF06467_629,7502,7504,0.999733475479744,127.7,3.192319266671789,40,39,0.975,0.7,medium
Q14839_PF00385_623,39611,39628,0.9995710103966892,1510.1,28.49267784371314,53,49,0.925,0.7,medium
Q14839_PF00628_365,184168,184262,0.9994898568342904,5687.7,107.31563397422374,53,43,0.811,0.7,high
Q14839_PF00628_444,184190,184284,0.9994899177356688,5924.8,111.78865689277548,53,44,0.83,0.7,high
Q14863_PF00157_139,23026,23093,0.9970986879140864,140.4,1.559640695835431,90,77,0.856,0.7,medium
Q14995_PF00105_103,103928,104131,0.9980505325023288,3150.8,45.66319829594451,69,67,0.971,0.7,medium
Q14CM0_PF00595_75,6031,6039,0.998675277363802,119.0,1.4869033699235854,80,77,0.962,0.7,medium
Q14CS0_PF00789_256,6655,6667,0.9982000899955004,721.6,9.750770012014897,74,72,0.973,0.7,medium
Q15319_PF00157_185,23153,23217,0.9972433992333204,112.5,1.5626603422160232,72,68,0.944,0.7,medium
Q15365_PF00013_278,121914,122026,0.9990821628177602,2994.6,41.02185934053193,73,65,0.89,0.7,medium
Q15424_PF02037_26,7450,7457,0.9990612846989406,434.4,7.897410149952092,55,50,0.909,0.9,medium
Q15475_PF00046_131,173010,173190,0.9989606790230384,5159.4,103.18747674583132,50,45,0.9,0.7,high
Q15554_PF00249_489,16002,16011,0.9994378864530636,1507.2,27.911328007160236,54,49,0.907,0.7,medium
Q15699_PF00046_134,295447,296120,0.9977272727272728,6321.6,112.88531216965652,56,55,0.982,0.7,high
Q15811_PF00018_1003,330256,330459,0.9993857029162468,8306.6,145.72919656875771,57,50,0.877,0.9,high
Q15811_PF00018_1156,322597,322783,0.9994237614744272,7125.9,122.8606574689132,58,51,0.879,0.9,high
Q15811_PF00018_909,457482,457804,0.9992966422311732,12306.5,195.34202175649955,63,52,0.825,0.7,high
Q15811_PF07653_1003,330256,330459,0.9993857029162468,8306.6,145.72919656875771,57,50,0.877,0.9,high
Q15911_PF00046_2147,296446,297108,0.9977718540059508,6284.0,112.21517304089262,56,54,0.964,0.7,high
Q15911_PF00046_2244,296303,296943,0.99784470420249,6190.0,110.53612681378748,56,54,0.964,0.7,high
Q15911_PF00046_2643,298471,299144,0.9977502473725028,6446.8,115.12155284548136,56,55,0.982,0.7,high
Q15942_PF00412_504,9242,9258,0.9982717649600346,215.0,3.2090204877080133,67,65,0.97,0.7,medium
Q16512_PF02185_129,16931,16949,0.998937990441914,136.8,2.243402020707905,61,56,0.918,0.7,medium
Q1KMD3_PF02037_1,43661,43727,0.998490635076726,4630.3,115.75822682367848,40,32,0.8,0.7,high
Q2Q1W2_PF00643_274,117767,117935,0.9985754864967992,6997.2,162.72567248952467,43,36,0.837,0.7,high
Q3SY89_PF08711_3,9885,9900,0.9984848484848484,645.6,8.276301022896691,78,69,0.885,0.7,medium
Q5F1R6_PF12171_315,32803,32808,0.9998475981467936,4112.5,164.49823317510308,25,23,0.92,0.9,high
Q5HYK7_PF00018_664,332255,332451,0.9994104394331796,8341.9,148.96269621849933,56,50,0.893,0.9,high
Q5K651_PF07647_4,3551,3583,0.9910689366452692,387.9,5.31396275092801,73,67,0.918,0.7,medium
Q5SQQ9_PF00046_102,296100,296782,0.997702016968684,6036.5,107.7940344345142,56,56,1.0,0.7,high
Q5TCQ9_PF00397_287,201382,201459,0.9996177882348268,6209.9,144.41670649036035,43,31,0.721,1.0,high
Q5U5Q3_PF00013_325,151454,151580,0.9991687557725294,4630.3,69.1086747657257,67,58,0.866,0.6,medium
Q5VTD9_PF00096_221,1957621,1959971,0.9988010026678966,26049.9,1184.0873722986526,22,21,0.955,1.2,high
Q5VVJ2_PF00249_120,119190,119239,0.9995890606261374,7824.1,181.9561691125435,43,39,0.907,0.7,high
Q5VWI1_PF01846_448,18776,18787,0.9994144887422154,669.3,11.741522906484049,57,52,0.912,0.7,medium
Q61234_PF00595_80,374538,374757,0.9994156213226172,3394.9,39.93945120602828,85,78,0.918,0.7,medium
Q68CP9_PF02257_523,18341,18356,0.9991828285029418,297.1,3.714265290906166,80,74,0.925,0.7,medium
Q68DC2_PF00536_774,41989,42017,0.9993336030654258,2321.5,36.84877354457508,63,56,0.889,0.7,medium
Q6NWY9_PF01846_274,16057,16067,0.9993776062737288,712.6,12.07848376894236,59,55,0.932,0.7,medium
Q6P0N0_PF00249_878,17993,18012,0.9989451476793249,1695.1,34.59333110878759,49,43,0.878,0.7,medium
Q6XZF7_PF00018_146,284173,284345,0.9993951010216462,6694.2,109.74129980419636,61,52,0.852,0.9,high
Q6XZF7_PF00018_1516,430111,430387,0.9993587166898628,12489.3,211.68274011992096,59,50,0.847,0.7,high
Q6XZF7_PF00018_242,457939,458252,0.99931696970226,12314.7,195.47161010353204,63,52,0.825,0.7,high
Q6XZF7_PF14604_147,307323,307520,0.9993593912591052,7173.0,121.576386005712,59,52,0.881,0.9,high
Q6ZN01_PF02037_170,49287,49356,0.9986019936785802,5505.3,157.2953638244145,35,29,0.829,0.7,high
Q6ZSG1_PF13639_293,127150,127226,0.9994026378256016,11114.0,258.46525726199565,43,42,0.977,1.1,high
Q6ZVD7_PF10264_112,4177,4185,0.9980884109916368,117.9,1.5116270853128533,78,78,1.0,0.7,medium
Q6ZWJ1_PF00397_493,168218,168284,0.999607805852012,2466.6,53.62080154786732,46,34,0.739,0.7,medium
Q7L590_PF09329_383,4026,4031,0.9987596129992558,615.3,13.673997349980777,45,44,0.978,0.7,medium
Q7Z3T8_PF01363_744,89672,89749,0.9991420517220247,5582.4,90.03906431971451,62,59,0.952,0.7,medium
Q7Z4I7_PF00412_13,285268,285532,0.9990754101116512,6412.4,108.6847679239988,59,52,0.881,0.7,high
Q7Z5Q1_PF16366_513,12466,12473,0.9994387877816084,264.1,4.192379746461913,63,62,0.984,0.7,medium
Q7Z6B7_PF00018_744,313529,313711,0.9994198482042388,7161.4,123.47175698581584,58,51,0.879,0.9,high
Q7Z6G8_PF00536_812,75822,75860,0.9994990772475612,1293.8,20.867943281994712,62,56,0.903,0.7,medium
Q7Z6W7_PF00226_3,207647,208129,0.9976841285933244,16524.6,258.19688118008423,64,62,0.969,1.1,high
Q7Z6Z7_PF00627_1316,58932,58963,0.9994742465614028,4367.0,106.5112770173192,41,35,0.854,0.7,high
Q86U86_PF00505_1383,119141,119366,0.9981150411339912,5741.9,92.61196974874572,62,59,0.952,0.7,medium
Q86UL8_PF00595_1144,432755,433029,0.99936724792104,4134.7,49.22306107672417,84,79,0.94,0.7,medium
Q86UL8_PF00595_601,20015,20026,0.9994507140717068,146.0,1.7809036807124206,82,81,0.988,0.7,medium
Q86UL8_PF00595_774,389557,389760,0.9994791666666668,3414.1,38.79640741903083,88,80,0.909,0.7,medium
Q86UP3_PF00046_2086,296340,296995,0.997794575666257,6272.6,112.00986218694518,56,54,0.964,0.7,high
Q86UP3_PF00046_2183,296304,296951,0.9978211893544726,6218.8,111.04983220842828,56,54,0.964,0.7,high
Q86UP3_PF00046_2562,297982,298651,0.9977599271390352,6411.5,114.49088289164996,56,55,0.982,0.7,high
Q86VP1_PF18112_729,10305,10312,0.9993211792086888,673.4,25.89833556491285,26,25,0.962,0.7,medium
Q86WN1_PF14604_467,383049,383285,0.9993842701905892,11563.4,186.50584673024397,62,50,0.806,0.7,high
Q86XK2_PF02207_849,12086,12105,0.998430400660884,359.8,7.822296207386065,46,43,0.935,0.7,medium
Q86XN8_PF00013_273,150336,150464,0.9991492981709912,4942.2,72.67889367928885,68,60,0.882,0.6,medium
Q86YT6_PF18346_247,10969,10982,0.9988162447641596,508.5,7.823448219215479,65,63,0.969,0.7,medium
Q8IV48_PF02037_65,1196,1197,0.9991645781119464,94.0,1.879663117128913,50,50,1.0,0.7,medium
Q8IWR0_PF00642_906,43904,43918,0.999681224099458,3611.1,171.9562820776897,21,20,0.952,1.1,high
Q8IWT3_PF01485_2234,49436,49466,0.9993935228237576,5947.9,141.61655742395615,42,36,0.857,0.7,high
Q8IWT3_PF11515_367,5743,5767,0.99583839084446,82.4,1.1281551682940476,73,71,0.973,0.7,medium
Q8IX12_PF02037_625,8279,8280,0.99987922705314,555.4,11.108729718251793,50,40,0.8,0.9,medium
Q8IYH5_PF00249_653,4796,4806,0.997919267582189,235.9,3.685719931243824,64,52,0.812,0.7,medium
Q8IZQ8_PF02037_363,37529,37591,0.998350669043122,3642.9,82.79255748801941,44,33,0.75,0.7,medium
Q8IZT6_PF00612_1877,121628,121650,0.9998191533086724,1712.8,90.14967615957512,19,16,0.842,0.9,medium
Q8N157_PF00018_1053,307215,307394,0.99941768544604,7758.4,136.11231155634633,57,51,0.895,0.9,high
Q8N1P7_PF00030_1358,53484,53823,0.9937015773925644,1370.9,17.575850931385542,78,75,0.962,0.7,medium
Q8N1W1_PF00130_651,139549,139625,0.999455684870188,1994.9,39.89816751503256,50,47,0.94,0.7,medium
Q8N3X1_PF00397_200,1823,1826,0.9983570646221248,106.5,1.7179985980280097,62,58,0.935,0.7,medium
Q8N5C8_PF02845_12,3909,3910,0.9997442455242966,83.3,2.1351289209765776,39,39,1.0,0.7,medium
Q8N8B7_PF08711_30,17070,17078,0.9995315610727252,1064.3,22.17336933212009,48,46,0.958,0.7,medium
Q8NB78_PF07496_139,1715,1716,0.9994172494172494,54.8,1.0540576030111406,52,51,0.981,0.7,medium
Q8ND56_PF12701_7,9369,9382,0.9986143679386058,374.3,5.12763800519468,73,72,0.986,0.7,medium
Q8NEA6_PF00096_414,244322,244421,0.9995949611530924,6361.2,276.57562238306207,23,20,0.87,1.2,high
Q8NEA6_PF00096_473,33128,33136,0.9997585707387736,1001.4,41.72666626892044,24,22,0.917,1.2,medium
Q8NEZ5_PF00646_25,67183,67224,0.9993900987742472,10897.4,272.4357521016797,40,31,0.775,0.7,high
Q8NFW5_PF00046_73,290264,290931,0.9977073601644376,6185.0,110.44558056050434,56,55,0.982,0.7,high
Q8NHM5_PF16866_656,8040,8046,0.999254287844892,120.8,1.803302926996364,67,63,0.94,0.7,medium
Q8TAQ2_PF00249_599,20370,20377,0.999656475437994,1211.1,28.16551018519914,43,39,0.907,0.9,medium
Q8TAT5_PF00641_316,41896,41908,0.9997136584900258,3812.1,127.06907957731318,30,25,0.833,0.9,high
Q8TDD2_PF00096_325,112837,112884,0.9995836433861308,1443.6,60.14896900622756,24,21,0.875,1.2,medium
Q8TDI0_PF00628_338,190355,190452,0.9994906853170352,6051.5,114.17933464569036,53,44,0.83,0.7,high
Q8TDI0_PF00628_411,184629,184725,0.9994803085667884,6108.5,115.25405681755984,53,45,0.849,0.7,high
Q8TDI0_PF08073_132,11976,11979,0.9997495617330328,128.0,1.8546089458658137,69,69,1.0,0.7,medium
Q8TEW0_PF00595_457,299059,299228,0.9994352132821794,2612.4,28.090175407786187,93,83,0.892,0.7,medium
Q8TEW8_PF00595_380,336032,336243,0.9993724776426572,3003.1,33.74214374745533,89,79,0.888,0.7,medium
Q8WU90_PF18044_104,77812,77834,0.9997173471747566,4735.2,225.48513679132148,21,20,0.952,1.1,high
Q8WWH4_PF07647_273,17668,17678,0.9994343251499038,906.9,14.627353531902232,62,56,0.903,0.7,medium
Q8WXI2_PF00536_9,34217,34239,0.9993574578696808,1266.4,20.101534635973124,63,55,0.873,0.7,medium
Q8WXI9_PF00320_415,7219,7225,0.9991695501730103,236.6,5.77163277238747,41,39,0.951,0.7,medium
Q92734_PF00564_6,2414,2417,0.9987587918907735,89.2,1.0253312705598092,87,87,1.0,0.7,medium
Q92796_PF00595_222,311427,311621,0.9993774488882328,2899.6,31.863224172790083,91,83,0.912,0.7,medium
Q92796_PF00595_383,408433,408685,0.9993833881840536,3883.7,45.69079377024631,85,78,0.918,0.7,medium
Q92922_PF00249_620,137389,137443,0.9996071098564496,10678.3,242.6883974034376,44,39,0.886,0.7,high
Q92945_PF00013_142,116048,116137,0.9992336636902968,2793.8,38.270772213721806,73,65,0.89,0.7,medium
Q92997_PF00778_2,13331,13346,0.9988760677356512,269.9,3.373716426159009,80,73,0.912,0.7,medium
Q969G3_PF00505_67,100268,100515,0.997542655325076,6285.4,93.81253658902163,67,65,0.97,0.7,medium
Q969V6_PF02037_341,27052,27095,0.998412991326813,2019.1,46.95479216189695,43,35,0.814,0.9,medium
Q96AE4_PF00013_184,87716,87775,0.999327826829963,2155.9,29.13331503132375,74,65,0.878,0.7,medium
Q96AE4_PF00013_98,116745,116833,0.999246788150608,2818.9,39.151920671647865,72,64,0.889,0.7,medium
Q96CB8_PF00628_155,8742,8750,0.9990857142857142,663.6,11.246770508143133,59,53,0.898,0.7,medium
Q96DX7_PF00643_174,120679,120925,0.99796568120736,6796.8,151.03927358720227,45,37,0.822,0.7,high
Q96FX2_PF05207_6,6176,6187,0.998222078551802,1042.0,18.94489516116703,55,52,0.945,0.7,medium
Q96GE6_PF13499_123,75028,75249,0.9970630838948026,6786.1,98.3499706596416,69,64,0.928,0.9,medium
Q96GE6_PF13499_48,120150,120473,0.9973189013305886,11902.9,156.617241336778,76,66,0.868,0.7,high
Q96GM8_PF00642_298,61619,61634,0.9997566278352856,4298.9,186.91013921339365,23,20,0.87,0.9,high
Q96I24_PF00013_75,103956,104036,0.9992310354108194,2417.4,31.80745559211776,76,66,0.868,0.7,medium
Q96JN0_PF05225_353,15838,15848,0.9993690055527512,2837.7,67.56355409106686,42,35,0.833,0.7,medium
Q96JY0_PF09011_3,136272,136569,0.9978252751356456,10069.9,145.93991418322855,69,61,0.884,0.5,high
Q96JY6_PF00412_284,251326,251530,0.999188963543116,6175.6,110.2778635165304,56,50,0.893,0.7,high
Q96K80_PF00642_138,84525,84544,0.9997752649507948,4334.3,197.01233195343232,22,20,0.909,1.1,high
Q96KC8_PF00249_494,15856,15877,0.9986773319896706,1477.7,28.97470903772093,51,46,0.902,0.7,medium
Q96L93_PF00787_1213,72373,72473,0.9986201757896044,3650.7,59.84677048389759,61,56,0.918,0.7,medium
Q96QS3_PF00046_330,292531,293208,0.9976910589069876,6239.5,111.4195933224532,56,55,0.982,0.7,high
Q96QZ7_PF00397_294,153630,153708,0.9994925443047856,2132.4,46.35653072605392,46,34,0.739,0.7,medium
Q96RT1_PF00595_1321,183488,183588,0.9994553020894612,1469.5,16.328122425154685,90,76,0.844,0.7,medium
Q96T51_PF01363_639,89488,89565,0.9991402891754592,5481.2,91.3536849031256,60,58,0.967,0.7,medium
Q99501_PF02187_209,29648,29661,0.9995617140352652,172.4,2.53536723363231,68,66,0.971,0.7,medium
Q99543_PF00249_451,6780,6784,0.9994103773584906,513.9,9.697036638960082,53,47,0.887,0.7,medium
Q99615_PF00226_382,172981,173383,0.9976814335892216,12277.5,183.24692014641957,67,61,0.91,1.1,high
Q99684_PF00096_256,3321,3324,0.9990974729241876,27.9,1.2137752149582024,23,22,0.957,1.2,medium
Q99684_PF00096_313,1940876,1943203,0.9988024925856948,25488.9,1158.585970204396,22,21,0.955,1.2,high
Q9BRP0_PF00096_215,21707,21723,0.999263453482484,3164.5,137.5857461077984,23,20,0.87,0.9,high
Q9BTC0_PF00628_263,38734,38748,0.9996386910292144,2001.2,33.918445565424776,59,48,0.814,0.7,medium
Q9BTC8_PF00249_265,47717,47751,0.9992879730267428,1100.7,20.76844779024692,53,47,0.887,0.7,medium
Q9BUJ2_PF02037_1,37811,37871,0.9984156742626284,3200.3,76.19875040086418,42,34,0.81,0.8,medium
Q9BV68_PF14369_11,40497,40516,0.9995310494619408,5006.7,166.88973803572696,30,24,0.8,0.7,high
Q9BY11_PF14604_387,237070,237214,0.9993929531983778,6317.7,108.92592983971768,58,51,0.879,0.9,high
Q9BYM8_PF01485_369,3123,3129,0.9980824544582934,435.2,10.121722504296544,43,43,1.0,0.7,medium
Q9BYW2_PF00397_2382,2592,2595,0.998843930635838,208.3,4.251881354972586,49,46,0.939,0.9,medium
Q9BZM3_PF00046_204,290693,291364,0.997697038755646,6187.6,110.49293408559944,56,55,0.982,0.7,high
Q9C030_PF00643_93,110722,110945,0.9979899950425888,6090.2,145.00453876651807,42,34,0.81,0.7,high
Q9C0A1_PF00046_1859,298578,299248,0.9977610543763032,6412.1,114.50250925641782,56,55,0.982,0.7,high
Q9H000_PF00642_37,77355,77368,0.9998319718746768,3322.7,174.88107136488287,19,19,1.0,1.1,high
Q9H0A6_PF00612_189,103295,103313,0.9998257721680718,2872.5,151.18174749302315,19,15,0.789,0.9,high
Q9H161_PF00046_216,290685,291364,0.9976695816916296,6248.2,111.57559990685375,56,55,0.982,0.7,high
Q9H2P0_PF00046_770,332266,332724,0.9986234837282552,7472.6,182.25809263024988,41,39,0.951,0.7,high
Q9H347_PF00627_613,10781,10796,0.9986105965172286,963.8,22.414616671501072,43,40,0.93,0.7,medium
Q9H3D4_PF07647_545,130263,130333,0.999462914227402,4464.7,67.64725799862718,66,54,0.818,0.5,medium
Q9H3Z4_PF00226_16,209956,210437,0.9977142802834102,20026.5,323.0087810508599,62,60,0.968,1.1,high
Q9H4A3_PF12202_481,18098,18105,0.99961336647335,115.1,1.308204801693175,88,86,0.977,0.7,medium
Q9H6I2_PF00505_69,95532,95730,0.9979316828580382,5483.2,80.63550730766053,68,67,0.985,0.7,medium
Q9H7E2_PF00567_554,41836,41884,0.9988539776525642,5103.9,87.99871136513667,58,49,0.845,0.7,medium
Q9H9D4_PF00096_383,1898217,1899996,0.9990636822393312,32799.9,1561.901353099607,21,21,1.0,1.2,high
Q9H9L4_PF13891_28,3348,3353,0.9985087980912616,197.8,3.0912702198337465,64,61,0.953,0.7,medium
Q9HA38_PF12171_246,71618,71637,0.9997347739296732,3201.4,123.13112333811804,26,24,0.923,0.9,high
Q9HAU4_PF00397_150,94691,94737,0.9995144452537024,1627.3,33.20924440647257,49,35,0.714,0.7,medium
Q9HAZ2_PF00096_282,1428289,1429822,0.9989278385701156,15869.9,721.3605182770051,22,21,0.955,1.2,high
Q9HC78_PF00096_635,1901519,1903408,0.9990075695804578,30863.1,1402.8660854527543,22,21,0.955,1.2,high
Q9HC78_PF00096_663,1712412,1713876,0.999145795845207,35989.4,1635.8813463586018,22,21,0.955,1.2,high
Q9HC78_PF00096_716,1413423,1414407,0.999304302085609,31126.9,1414.8585090788968,22,21,0.955,1.2,high
Q9NP66_PF00505_104,117839,118091,0.9978660524510758,6376.7,95.17462428612694,67,64,0.955,0.7,medium
Q9NPB3_PF13499_155,82129,82352,0.9972921119098505,7185.1,110.5403198049502,65,62,0.954,0.9,high
Q9NPC8_PF00046_131,185223,185416,0.9989590973810244,5415.3,108.3065238669838,50,45,0.9,0.7,high
Q9NQ86_PF00643_208,118051,118238,0.9984184441550094,6718.0,149.28888887914616,45,37,0.822,0.7,high
Q9NQV8_PF00096_668,1637395,1638509,0.9993201135910758,43297.7,2061.796664641413,21,21,1.0,1.2,high
Q9NQX1_PF00096_433,215083,215147,0.9997025289685656,10983.5,477.5432955874962,23,21,0.913,1.2,high
Q9NSC2_PF00096_1030,211893,211977,0.9996037305934136,9387.5,426.70603495659685,22,21,0.955,1.2,high
Q9NU63_PF00096_176,1854743,1856797,0.998893793990404,24745.9,1124.8151169457003,22,21,0.955,1.2,high
Q9NUP7_PF11722_18,2925,2926,0.9996582365003418,369.9,13.209839264961188,28,27,0.964,0.7,medium
Q9NW38_PF11793_305,3017,3018,0.9996686547382372,276.5,4.126187734005559,67,64,0.955,0.7,medium
Q9NWH9_PF02037_19,14994,15002,0.9994667377682976,906.8,18.135370433846912,50,41,0.82,0.9,medium
Q9NYL2_PF00536_330,45312,45357,0.999007870890932,2960.3,35.241757150761565,84,66,0.786,0.5,medium
Q9NYS7_PF07525_369,40783,40825,0.998971218616044,2851.9,86.42135219115687,33,31,0.939,0.7,medium
Q9NZM3_PF14604_1129,354656,354866,0.99940822733088,8188.4,148.8806756336718,55,51,0.927,0.9,high
Q9P0J7_PF05605_76,5813,5835,0.996229648671808,339.2,5.471016111656648,62,60,0.968,0.7,medium
Q9P2D1_PF07533_2564,24096,24102,0.9997510580034852,409.2,9.741919508277237,42,38,0.905,0.7,medium
Q9P2F5_PF10264_64,4172,4180,0.998086124401914,115.6,1.4821423255556112,78,78,1.0,0.7,medium
Q9P2K3_PF00249_87,61324,61350,0.9995762021189896,1404.3,29.257013828273347,48,44,0.917,0.7,medium
Q9P2R6_PF00320_502,10409,10413,0.999615864784404,278.0,6.6178894484098745,42,39,0.929,0.8,medium
Q9UBF6_PF12678_48,98533,98595,0.9993711648663726,11722.7,209.33432118195165,56,45,0.804,0.7,high
Q9UBS4_PF00226_25,214194,214696,0.9976618101874278,18375.9,291.6812166918316,63,62,0.984,1.1,high
Q9UBW7_PF06467_463,7244,7260,0.9977961432506888,100.3,2.2806487563746467,44,41,0.932,0.7,medium
Q9UBX0_PF00046_110,296088,296762,0.9977288197275932,6063.5,108.27735529889708,56,56,1.0,0.7,high
Q9UDY2_PF00595_26,115991,116064,0.9993710366694236,905.7,9.433894479522744,96,86,0.896,0.7,medium
Q9UDY2_PF00595_509,17198,17220,0.9987224157955864,171.0,1.80031664108325,95,91,0.958,0.7,medium
Q9UHA3_PF01246_2,9564,9609,0.9953168904152356,1073.9,16.77938385695781,64,61,0.953,0.7,medium
Q9UHC7_PF00642_89,74517,74532,0.9997987441635808,3743.1,170.1393980246122,22,20,0.909,1.1,high
Q9UHD4_PF02017_36,6507,6532,0.9961726883037356,531.8,7.187062826467708,74,73,0.986,0.7,medium
Q9UIF8_PF00628_1927,109738,109792,0.9995081608860392,3095.5,55.27727002460069,56,47,0.839,0.8,medium
Q9UJ78_PF06467_334,9146,9149,0.9996720953109628,216.7,5.417327144291738,40,38,0.95,0.7,medium
Q9UJQ4_PF00096_383,1738185,1740016,0.9989477108256476,27085.8,1231.172111298764,22,21,0.955,1.2,high
Q9UJQ4_PF00096_627,597278,597577,0.9994996460707156,18187.0,826.6801823430785,22,21,0.955,1.2,high
Q9UJQ4_PF00096_899,1411227,1412277,0.9992565197903812,25302.4,1150.1097655146905,22,21,0.955,1.2,high
Q9UJV3_PF00643_191,120412,120618,0.9982921288696546,6824.5,151.65466185885185,45,37,0.822,0.7,high
Q9UKI9_PF00157_186,23130,23198,0.9970687128200708,128.5,1.7131410390767543,75,72,0.96,0.7,medium
Q9UKL0_PF00249_383,17924,17928,0.999776885319054,326.4,5.099513014543838,64,60,0.938,0.8,medium
Q9UKS6_PF14604_365,223551,223686,0.999396475416432,5961.1,101.03602610030508,59,51,0.864,0.9,high
Q9UKW6_PF02198_47,2997,3023,0.9913992722461132,119.8,1.4435355650704675,83,73,0.88,0.7,medium
Q9UKY1_PF18387_100,3838,3842,0.9989588755856325,73.5,1.4702608982741705,50,47,0.94,0.7,medium
Q9UL15_PF02179_280,1189,1194,0.9958123953098827,21.4,0.3101632238304527,69,69,1.0,0.6,low
Q9ULJ8_PF07647_987,50561,50603,0.9991700096832205,2990.8,47.47289482459787,63,61,0.968,0.7,medium
Q9ULL8_PF00595_7,38428,38462,0.9991160106078728,719.0,8.361043159420497,86,78,0.907,0.7,medium
Q9ULT8_PF18410_1892,3476,3477,0.999712395743457,101.9,1.4985995944781307,68,66,0.971,0.7,medium
Q9ULZ3_PF00619_114,6048,6069,0.9965397923875432,1072.3,13.238360235764862,81,79,0.975,0.7,medium
Q9UNF0_PF00018_428,223391,223520,0.99942287043665,5818.7,98.6226987208675,59,51,0.864,0.9,medium
Q9UPQ7_PF00595_244,207136,207254,0.9994306503131424,1798.8,18.934831476672244,95,83,0.874,0.7,medium
Q9UPQ7_PF00595_414,5819,5826,0.9987984895296944,123.1,1.3680269514636163,90,90,1.0,0.7,medium
Q9UPW6_PF02376_358,12508,12542,0.9972891085951204,87.2,1.1325038211356773,77,68,0.883,0.5,medium
Q9UPW6_PF02376_482,12531,12564,0.9973734479465138,77.6,1.0341556310591082,75,68,0.907,0.5,medium
Q9UQR1_PF00096_172,1595594,1597019,0.9991077125569576,26727.4,1214.882360580399,22,21,0.955,1.2,high
Q9Y222_PF00249_226,30594,30599,0.9998365959671884,1940.9,48.52184857760433,40,38,0.95,0.9,medium
Q9Y2G7_PF00096_411,1908998,1911479,0.9987020521805366,23919.6,1087.256138523644,22,21,0.955,1.2,high
Q9Y2T7_PF00313_86,5007,5046,0.9922711058263972,157.3,1.7102959045779722,92,91,0.989,0.9,medium
Q9Y3R0_PF00595_666,237718,237857,0.9994156152646336,1894.6,20.81971379087065,91,80,0.879,0.7,medium
Q9Y462_PF00096_506,1866168,1868240,0.9988909347835396,24161.7,1098.2604842768417,22,21,0.955,1.2,high
Q9Y4I5_PF03638_368,16483,16489,0.9996361210503972,675.2,18.75483601007705,36,34,0.944,0.7,medium
Q9Y4J8_PF00569_235,53287,53319,0.9993998387066524,3156.8,52.61314030597661,60,52,0.867,0.7,medium
Q9Y5K6_PF00018_271,487664,487976,0.999360624292998,12153.6,199.2392831623232,61,51,0.836,0.7,high
Q9Y5K6_PF14604_1,274950,275128,0.9993530284085952,6534.3,110.750279459768,59,51,0.864,0.9,high
Q9Y5K6_PF14604_109,263559,263728,0.9993591882545652,6540.0,107.21290997877752,61,53,0.869,0.9,high
Q9Y618_PF00249_613,57496,57518,0.9996175110400224,1467.9,25.30776158717995,58,48,0.828,0.7,medium
Q9Y6N9_PF00595_207,123241,123337,0.9992216447619124,1477.5,16.60123520564903,89,74,0.831,0.7,medium
Q9Y6V0_PF05715_1058,14013,14023,0.9992868858304216,107.5,1.8859802239598664,57,56,0.982,0.7,medium
