DMS_id,uniprot_id,pfam_id,start,end,mutation_start,mutation_end,proportion_domain_mutated
FEZF1_HUMAN_Beltran_2025_PF00096_289,A0PJY2,PF00096,288.0,310.0,289,310,0.957
SPD2B_HUMAN_Beltran_2025_PF00018_155,A1X283,PF00018,161.0,203.0,155,209,1.0
SPD2B_HUMAN_Beltran_2025_PF00018_222,A1X283,PF00018,228.0,272.0,222,280,1.0
A2RRE5_HUMAN_Beltran_2025_PF01846_267,A2RRE5,PF16512,261.0,340.0,267,329,0.788
ASB14_HUMAN_Beltran_2025_PF07525_532,A6NK59,PF07525,530.0,571.0,532,572,0.952
WWP2_HUMAN_Beltran_2025_PF00397_440,O00308,PF00397,446.0,475.0,440,493,1.0
ODPX_HUMAN_Beltran_2025_PF02817_181,O00330,PF02817,183.0,216.0,181,227,1.0
CUX2_HUMAN_Beltran_2025_PF02376_1036,O14529,PF02376,1044.0,1118.0,1036,1124,1.0
CUX2_HUMAN_Beltran_2025_PF02376_895,O14529,PF02376,893.0,963.0,895,963,0.972
DVL1_HUMAN_Beltran_2025_PF00595_246,O14640,PF00595,252.0,335.0,246,338,1.0
DVL1_HUMAN_Beltran_2025_PF00595_246,O14640,PF02377,90.0,247.0,246,338,0.013
DVL1_HUMAN_Beltran_2025_PF00778_4,O14640,PF00778,3.0,81.0,4,81,0.987
TCRG1_HUMAN_Beltran_2025_PF01846_645,O14776,PF01846,662.0,709.0,645,713,1.0
TCRG1_HUMAN_Beltran_2025_PF01846_727,O14776,PF01846,727.0,776.0,727,776,1.0
TCRG1_HUMAN_Beltran_2025_PF01846_793,O14776,PF01846,794.0,843.0,793,854,1.0
TCRG1_HUMAN_Beltran_2025_PF01846_897,O14776,PF01846,898.0,949.0,897,955,1.0
TCRG1_HUMAN_Beltran_2025_PF01846_955,O14776,PF01846,956.0,1007.0,955,1010,1.0
PHX2A_HUMAN_Beltran_2025_PF00046_92,O14813,PF00046,91.0,147.0,92,147,0.982
KLF11_HUMAN_Beltran_2025_PF00096_395,O14901,PF00096,394.0,418.0,395,418,0.96
CSKP_HUMAN_Beltran_2025_PF00595_488,O14936,PF00595,491.0,567.0,488,569,1.0
MDM4_HUMAN_Beltran_2025_PF00641_299,O15151,PF00641,300.0,329.0,299,329,1.0
NPHP1_HUMAN_Beltran_2025_PF00018_152,O15259,PF00018,159.0,203.0,152,211,1.0
ATX7_HUMAN_Beltran_2025_PF08313_334,O15265,PF08313,333.0,394.0,334,394,0.984
SHOX_HUMAN_Beltran_2025_PF00046_119,O15266,PF00046,118.0,174.0,119,174,0.982
TRI18_HUMAN_Beltran_2025_PF00643_172,O15344,PF00643,174.0,210.0,172,214,1.0
P73_HUMAN_Beltran_2025_PF07647_487,O15350,PF07647,487.0,548.0,487,549,1.0
TOX3_HUMAN_Beltran_2025_PF00505_256,O15405,PF00505,255.0,323.0,256,323,0.986
R113A_HUMAN_Beltran_2025_PF00642_198,O15541,PF00642,197.0,222.0,198,222,0.962
ZBT24_HUMAN_Beltran_2025_PF00096_351,O43167,PF00096,350.0,372.0,351,372,0.957
ZBT24_HUMAN_Beltran_2025_PF00096_435,O43167,PF00096,434.0,456.0,435,456,0.957
CRX_HUMAN_Beltran_2025_PF00046_41,O43186,PF00046,40.0,96.0,41,96,0.982
SRGP3_HUMAN_Beltran_2025_PF00018_745,O43295,PF00018,750.0,795.0,745,802,1.0
RIPK2_HUMAN_Beltran_2025_PF00619_438,O43353,PF00619,437.0,519.0,438,518,0.976
RASL2_HUMAN_Beltran_2025_PF00779_682,O43374,PF00779,681.0,710.0,682,709,0.933
PRPF3_HUMAN_Beltran_2025_PF01480_10,O43395,PF01480,9.0,77.0,10,77,0.986
PPIP1_HUMAN_Beltran_2025_PF00018_361,O43586,PF00018,365.0,409.0,361,416,1.0
ZN292_HUMAN_Beltran_2025_PF00096_808,O60281,PF00096,807.0,831.0,808,831,0.96
ZC3H1_HUMAN_Beltran_2025_PF10650_1186,O60293,PF10650,1185.0,1204.0,1186,1204,0.95
KDM1A_HUMAN_Beltran_2025_PF04433_186,O60341,PF04433,184.0,264.0,186,264,0.975
ZIC3_HUMAN_Beltran_2025_PF00096_389,O60481,PF00096,388.0,410.0,389,410,0.957
BRD4_HUMAN_Beltran_2025_PF17035_607,O60885,PF17035,609.0,672.0,607,673,1.0
LDB3_HUMAN_Beltran_2025_PF00595_1,O75112,PF00595,9.0,81.0,1,83,1.0
PROP1_HUMAN_Beltran_2025_PF00046_71,O75360,PF00046,70.0,126.0,71,126,0.982
AVIL_HUMAN_Beltran_2025_PF02209_785,O75366,PF02209,784.0,819.0,785,819,0.972
FLNB_HUMAN_Beltran_2025_PF00630_1423,O75369,PF00630,1419.0,1508.0,1423,1512,0.956
FLNB_HUMAN_Beltran_2025_PF00630_2109,O75369,PF00630,2129.0,2182.0,2109,2186,1.0
FLNB_HUMAN_Beltran_2025_PF00630_2289,O75369,PF00630,2295.0,2372.0,2289,2378,1.0
TRIM3_HUMAN_Beltran_2025_PF00643_111,O75382,PF00643,114.0,150.0,111,154,1.0
PR40A_HUMAN_Beltran_2025_PF00397_176,O75400,PF00397,185.0,212.0,176,226,1.0
PR40A_HUMAN_Beltran_2025_PF01846_395,O75400,PF01846,395.0,444.0,395,444,1.0
PR40A_HUMAN_Beltran_2025_PF01846_459,O75400,PF01846,462.0,510.0,459,512,1.0
PR40A_HUMAN_Beltran_2025_PF01846_670,O75400,PF25432,671.0,729.0,670,724,0.915
PR40A_HUMAN_Beltran_2025_PF01846_745,O75400,PF01846,746.0,796.0,745,804,1.0
TAD2A_HUMAN_Beltran_2025_PF04433_375,O75478,PF04433,374.0,440.0,375,440,0.985
CSDE1_HUMAN_Beltran_2025_PF00313_184,O75534,PF00313,186.0,247.0,184,254,1.0
CSDE1_HUMAN_Beltran_2025_PF00313_23,O75534,PF00313,27.0,89.0,23,91,1.0
CSDE1_HUMAN_Beltran_2025_PF00313_347,O75534,PF00313,351.0,411.0,347,418,1.0
WBP4_HUMAN_Beltran_2025_PF06220_8,O75554,PF06220,8.0,43.0,8,43,1.0
CAN15_HUMAN_Beltran_2025_PF00641_4,O75808,PF00641,5.0,30.0,4,30,1.0
DNJB5_HUMAN_Beltran_2025_PF00226_4,O75953,PF00226,4.0,65.0,4,65,1.0
MPDZ_HUMAN_Beltran_2025_PF00595_1003,O75970,PF00595,1009.0,1076.0,1003,1090,1.0
MPDZ_HUMAN_Beltran_2025_PF00595_1860,O75970,PF00595,1863.0,1944.0,1860,1944,1.0
MPDZ_HUMAN_Beltran_2025_PF00595_372,O75970,PF00595,379.0,459.0,372,463,1.0
MPDZ_HUMAN_Beltran_2025_PF00595_693,O75970,PF00595,701.0,783.0,693,788,1.0
DDHD2_HUMAN_Beltran_2025_PF00536_389,O94830,PF00536,390.0,440.0,389,447,1.0
SASH1_HUMAN_Beltran_2025_PF00536_630,O94885,PF00536,635.0,693.0,630,700,1.0
ABLM3_HUMAN_Beltran_2025_PF00412_149,O94929,PF00412,151.0,206.0,149,206,1.0
ABLM3_HUMAN_Beltran_2025_PF00412_210,O94929,PF00412,210.0,263.0,210,266,1.0
SOX30_HUMAN_Beltran_2025_PF00505_338,O94993,PF00505,337.0,404.0,338,404,0.985
ALX3_HUMAN_Beltran_2025_PF00046_155,O95076,PF00046,154.0,210.0,155,210,0.982
UBE4B_HUMAN_Beltran_2025_PF04564_1229,O95155,PF04564,1228.0,1299.0,1229,1299,0.986
ZRAB2_HUMAN_Beltran_2025_PF00641_11,O95218,PF00641,10.0,35.0,11,35,0.962
ZRAB2_HUMAN_Beltran_2025_PF00641_9,O95218,PF00641,10.0,35.0,9,35,1.0
GRP1_HUMAN_Beltran_2025_PF00130_539,O95267,PF00130,542.0,593.0,539,593,1.0
SIX3_HUMAN_Beltran_2025_PF00046_212,O95343,PF00046,211.0,262.0,212,262,0.981
ZIC2_HUMAN_Beltran_2025_PF18366_250,O95409,PF18366,250.0,295.0,250,295,1.0
SIX6_HUMAN_Beltran_2025_PF00046_134,O95475,PF00046,133.0,184.0,134,184,0.981
HERC2_HUMAN_Beltran_2025_PF11515_2555,O95714,PF11515,2554.0,2630.0,2555,2630,0.987
ERR2_HUMAN_Beltran_2025_PF00105_100,O95718,PF00105,102.0,170.0,100,176,1.0
ZMYM6_HUMAN_Beltran_2025_PF06467_427,O95789,PF06467,466.0,500.0,427,466,0.029
ZMYM6_HUMAN_Beltran_2025_PF06467_469,O95789,PF06467,466.0,500.0,469,504,0.914
STAU1_HUMAN_Beltran_2025_PF00035_183,O95793,PF00035,186.0,249.0,183,249,1.0
BAG3_HUMAN_Beltran_2025_PF00397_11,O95817,PF00397,22.0,52.0,11,59,1.0
LATS1_HUMAN_Beltran_2025_PF00627_98,O95835,PF00627,101.0,138.0,98,141,1.0
ABL1_HUMAN_Beltran_2025_PF00018_64,P00519,PF00018,67.0,113.0,64,120,1.0
ICI2_HORVU_Beltran_2025_PF00280_22,P01053,PF00280,22.0,84.0,22,84,1.0
RL9_GEOSE_Beltran_2025_PF01281_1,P02417,PF01281,1.0,47.0,1,47,1.0
SPTA1_HUMAN_Beltran_2025_PF00018_979,P02549,PF00018,984.0,1028.0,979,1036,1.0
TNNC2_HUMAN_Beltran_2025_PF13499_1,P02585,PF13499,20.0,80.0,1,83,1.0
S100G_BOVIN_Beltran_2025_PF01023_1,P02633,PF00036,50.0,76.0,1,79,1.0
S100G_BOVIN_Beltran_2025_PF01023_1,P02633,PF01023,13.0,46.0,1,79,1.0
VILI_CHICK_Beltran_2025_PF02209_762,P02640,PF02209,791.0,826.0,762,826,1.0
VILI_CHICK_Beltran_2025_PF02209_792,P02640,PF02209,791.0,826.0,792,826,0.972
RPC1_LAMBD_Beltran_2025_PF01381_4,P03034,PF01381,25.0,77.0,4,79,1.0
RAF1_HUMAN_Beltran_2025_PF02196_58,P04049,PF02196,57.0,128.0,58,128,0.986
GCR_HUMAN_Beltran_2025_PF00105_419,P04150,PF00105,420.0,487.0,419,494,1.0
CRBA1_HUMAN_Beltran_2025_PF00030_31,P05813,PF00030,32.0,116.0,31,119,1.0
LCK_HUMAN_Beltran_2025_PF00018_63,P06239,PF00018,67.0,112.0,63,120,1.0
FYN_HUMAN_Beltran_2025_PF00018_83,P06241,PF00018,88.0,135.0,83,143,1.0
CRGC_HUMAN_Beltran_2025_PF00030_4,P07315,PF00030,3.0,79.0,4,79,0.987
CRGC_HUMAN_Beltran_2025_PF00030_91,P07315,PF00030,90.0,170.0,91,170,0.988
CRGB_HUMAN_Beltran_2025_PF00030_1,P07316,PF00030,3.0,79.0,1,84,1.0
CRGB_HUMAN_Beltran_2025_PF00030_87,P07316,PF00030,90.0,171.0,87,173,1.0
CRGD_HUMAN_Beltran_2025_PF00030_90,P07320,PF00030,89.0,170.0,90,170,0.988
SPTN1_CHICK_Beltran_2025_PF00018_968,P07751,PF00018,974.0,1018.0,968,1026,1.0
SPTN1_CHICK_Beltran_2025_PF00018_968,P07751,PF00435,891.0,969.0,968,1026,0.025
SYEP_HUMAN_Beltran_2025_PF00458_827,P07814,PF00458,826.0,878.0,827,878,0.981
GLI1_HUMAN_Beltran_2025_PF00096_363,P08151,PF00096,362.0,387.0,363,387,0.962
MCR_HUMAN_Beltran_2025_PF00105_600,P08235,PF00105,602.0,669.0,600,675,1.0
HCK_HUMAN_Beltran_2025_PF00018_80,P08631,PF00018,84.0,130.0,80,137,1.0
PO2F2_HUMAN_Beltran_2025_PF00157_200,P09086,PF00157,199.0,269.0,200,269,0.986
VILI_HUMAN_Beltran_2025_PF02209_793,P09327,PF02209,792.0,827.0,793,827,0.972
CSPA_ECOLI_Beltran_2025_PF00313_3,P0A9X9,PF00313,5.0,69.0,3,70,1.0
TR49C_HUMAN_Beltran_2025_PF00643_87,P0CI26,PF00643,89.0,129.0,87,133,1.0
GLI2_HUMAN_Beltran_2025_PF00096_565,P10070,PF00096,564.0,589.0,565,589,0.962
GLI3_HUMAN_Beltran_2025_PF00096_608,P10071,PF00096,607.0,632.0,608,632,0.962
MYB_HUMAN_Beltran_2025_PF00249_143,P10242,PF00249,144.0,187.0,143,204,1.0
MYB_HUMAN_Beltran_2025_PF00249_40,P10242,PF00249,40.0,86.0,40,86,1.0
ANDR_HUMAN_Beltran_2025_PF00105_557,P10275,PF00105,558.0,626.0,557,632,1.0
ARAF_HUMAN_Beltran_2025_PF02196_21,P10398,PF02196,20.0,89.0,21,89,0.986
COT1_HUMAN_Beltran_2025_PF00105_83,P10589,PF00105,85.0,153.0,83,159,1.0
RARB_HUMAN_Beltran_2025_PF00105_85,P10826,PF00105,87.0,155.0,85,161,1.0
ODB2_HUMAN_Beltran_2025_PF02817_171,P11182,PF02817,172.0,206.0,171,214,1.0
ERG_HUMAN_Beltran_2025_PF02198_117,P11308,PF02198,116.0,197.0,117,197,0.988
CRGA_HUMAN_Beltran_2025_PF00030_85,P11844,PF00030,89.0,170.0,85,173,1.0
ODP2_GEOSE_Beltran_2025_PF02817_126,P11961,PF02817,129.0,163.0,126,173,1.0
HARS1_HUMAN_Beltran_2025_PF00458_8,P12081,PF00458,7.0,45.0,8,45,0.974
SRC_HUMAN_Beltran_2025_PF00018_87,P12931,PF00018,90.0,137.0,87,143,1.0
XRCC6_HUMAN_Beltran_2025_PF02037_558,P12956,PF02037,573.0,607.0,558,609,1.0
PLSL_HUMAN_Beltran_2025_PF13499_13,P13796,PF13499,13.0,78.0,13,96,1.0
T2FB_HUMAN_Beltran_2025_PF02270_177,P13984,PF02270,176.0,240.0,177,240,0.985
NCF1_HUMAN_Beltran_2025_PF00018_157,P14598,PF00018,162.0,207.0,157,222,1.0
HXB1_HUMAN_Beltran_2025_PF00046_208,P14653,PF00046,207.0,260.0,208,260,0.981
PO2F1_HUMAN_Beltran_2025_PF00157_285,P14859,PF00157,284.0,354.0,285,354,0.986
ETS1_HUMAN_Beltran_2025_PF02198_55,P14921,PF02198,54.0,135.0,55,135,0.988
BRAF_HUMAN_Beltran_2025_PF02196_153,P15056,PF02196,157.0,225.0,153,228,1.0
VAV_HUMAN_Beltran_2025_PF00018_592,P15498,PF00018,617.0,652.0,592,658,1.0
VAV_HUMAN_Beltran_2025_PF00018_782,P15498,PF00018,788.0,834.0,782,842,1.0
ANK1_HUMAN_Beltran_2025_PF00531_1405,P16157,PF00531,1405.0,1484.0,1405,1484,1.0
PLCG2_HUMAN_Beltran_2025_PF00018_772,P16885,PF00018,775.0,821.0,772,827,1.0
YBOX3_HUMAN_Beltran_2025_PF00313_84,P16989,PF00313,93.0,159.0,84,169,1.0
UBF1_HUMAN_Beltran_2025_PF00505_408,P17480,PF00505,407.0,468.0,408,469,0.984
RXRA_HUMAN_Beltran_2025_PF00105_132,P19793,PF00105,134.0,202.0,132,208,1.0
ITH5_CUCMA_Beltran_2025_PF00280_1,P19873,PF00280,6.0,68.0,1,68,1.0
NCF2_HUMAN_Beltran_2025_PF00018_241,P19878,PF00018,246.0,291.0,241,300,1.0
NCF2_HUMAN_Beltran_2025_PF00018_456,P19878,PF00018,464.0,508.0,456,514,1.0
NCF2_HUMAN_Beltran_2025_PF00564_353,P19878,PF00564,351.0,428.0,353,427,0.962
PO3F3_HUMAN_Beltran_2025_PF00046_408,P20264,PF00046,407.0,463.0,408,463,0.982
PO3F3_HUMAN_Beltran_2025_PF00157_320,P20264,PF00157,318.0,388.0,320,388,0.972
PO3F2_HUMAN_Beltran_2025_PF00046_356,P20265,PF00046,355.0,411.0,356,411,0.982
PO3F2_HUMAN_Beltran_2025_PF00157_262,P20265,PF00157,266.0,336.0,262,338,1.0
RASA1_HUMAN_Beltran_2025_PF00018_281,P20936,PF00018,285.0,331.0,281,341,1.0
H1T_HUMAN_Beltran_2025_PF00538_44,P22492,PF00538,43.0,112.0,44,112,0.986
CBL_HUMAN_Beltran_2025_PF00627_854,P22681,PF00627,858.0,892.0,854,899,1.0
CRYGS_HUMAN_Beltran_2025_PF00030_96,P22914,PF00030,95.0,176.0,96,176,0.988
PAX7_HUMAN_Beltran_2025_PF00046_219,P23759,PF00046,218.0,274.0,219,274,0.982
TYY1_HUMAN_Beltran_2025_PF00096_384,P25490,PF00096,383.0,407.0,384,407,0.96
DNJB1_HUMAN_Beltran_2025_PF00226_4,P25685,PF00226,4.0,65.0,4,65,1.0
PAX6_HUMAN_Beltran_2025_PF00046_213,P26367,PF00046,212.0,267.0,213,267,0.982
TTP_HUMAN_Beltran_2025_PF00642_105,P26651,PF00642,104.0,129.0,105,129,0.962
PIT1_HUMAN_Beltran_2025_PF00157_130,P28069,PF00157,129.0,198.0,130,198,0.986
MSX1_HUMAN_Beltran_2025_PF00046_174,P28360,PF00046,173.0,229.0,174,229,0.982
CSPB_BACSU_Beltran_2025_PF00313_1,P32081,PF00313,3.0,65.0,1,67,1.0
OTX2_HUMAN_Beltran_2025_PF00046_40,P32243,PF00046,39.0,95.0,40,95,0.982
RFC1_HUMAN_Beltran_2025_PF00533_405,P35251,PF00533,404.0,479.0,405,479,0.987
MSX2_HUMAN_Beltran_2025_PF00046_144,P35548,PF00046,143.0,199.0,144,199,0.982
SOX5_HUMAN_Beltran_2025_PF00505_557,P35711,PF00505,556.0,624.0,557,624,0.986
SOX6_HUMAN_Beltran_2025_PF00505_622,P35712,PF00505,621.0,689.0,622,689,0.986
SOX18_HUMAN_Beltran_2025_PF00505_87,P35713,PF00505,86.0,153.0,87,153,0.985
SOX11_HUMAN_Beltran_2025_PF00505_50,P35716,PF00505,49.0,117.0,50,117,0.986
CUE2_YEAST_Beltran_2025_PF02845_9,P36075,PF02845,9.0,47.0,9,47,1.0
ZEB1_HUMAN_Beltran_2025_PF00096_933,P37275,PF00096,932.0,954.0,933,954,0.957
CUX1_HUMAN_Beltran_2025_PF00046_1246,P39880,PF00046,1245.0,1301.0,1246,1301,0.982
CUX1_HUMAN_Beltran_2025_PF02376_548,P39880,PF02376,548.0,620.0,548,629,1.0
CUX1_HUMAN_Beltran_2025_PF02376_941,P39880,PF02376,940.0,1009.0,941,1008,0.971
RSP5_YEAST_Beltran_2025_PF00397_324,P39940,PF00397,333.0,362.0,324,366,1.0
THO1_YEAST_Beltran_2025_PF02037_1,P40040,PF02037,3.0,38.0,1,49,1.0
CCNF_HUMAN_Beltran_2025_PF00646_28,P41002,PF12937,32.0,76.0,28,80,1.0
CSPB_BACCL_Beltran_2025_PF00313_1,P41016,PF00313,3.0,65.0,1,66,1.0
SOX3_HUMAN_Beltran_2025_PF00505_140,P41225,PF00505,139.0,207.0,140,207,0.986
KDM5C_HUMAN_Beltran_2025_PF00628_319,P41229,PF00628,327.0,371.0,319,373,1.0
RL35_HUMAN_Beltran_2025_PF00831_9,P42766,PF00831,8.0,63.0,9,63,0.982
CRBB2_HUMAN_Beltran_2025_PF00030_106,P43320,PF00030,108.0,190.0,106,189,0.988
NR4A2_HUMAN_Beltran_2025_PF00105_260,P43354,PF00105,262.0,330.0,260,336,1.0
CBX5_HUMAN_Beltran_2025_PF00385_21,P45973,PF00385,20.0,69.0,21,69,0.98
NEDD4_HUMAN_Beltran_2025_PF00397_836,P46934,PF00397,842.0,871.0,836,881,1.0
YAP1_HUMAN_Beltran_2025_PF00397_162,P46937,PF00397,173.0,202.0,162,211,1.0
YAP1_HUMAN_Beltran_2025_PF00397_165,P46937,PF00397,173.0,202.0,165,210,1.0
YAP1_HUMAN_Beltran_2025_PF00397_226,P46937,PF00397,232.0,261.0,226,272,1.0
TISD_HUMAN_Beltran_2025_PF00642_193,P47974,PF00642,192.0,217.0,193,216,0.923
SOX2_HUMAN_Beltran_2025_PF00505_42,P48431,PF00505,41.0,109.0,42,109,0.986
PO3F4_HUMAN_Beltran_2025_PF00046_280,P49335,PF00046,279.0,335.0,280,335,0.982
RBP2_HUMAN_Beltran_2025_PF00641_1414,P49792,PF00641,1415.0,1443.0,1414,1443,1.0
RBP2_HUMAN_Beltran_2025_PF00641_1478,P49792,PF00641,1479.0,1508.0,1478,1508,1.0
MXI1_HUMAN_Beltran_2025_PF00010_70,P50539,PF00010,69.0,120.0,70,120,0.981
BLK_HUMAN_Beltran_2025_PF00018_59,P51451,PF00018,64.0,110.0,59,117,1.0
ZNF81_HUMAN_Beltran_2025_PF00096_331,P51508,PF00096,330.0,352.0,331,352,0.957
ZNF81_HUMAN_Beltran_2025_PF00096_555,P51508,PF00096,554.0,576.0,555,576,0.957
SMCA4_HUMAN_Beltran_2025_PF07533_612,P51532,PF07533,611.0,654.0,612,654,0.977
MECP2_HUMAN_Beltran_2025_PF01429_91,P51608,PF01429,96.0,159.0,91,162,1.0
SUOX_HUMAN_Beltran_2025_PF00173_87,P51687,PF00173,86.0,160.0,87,160,0.987
CRBA4_HUMAN_Beltran_2025_PF00030_14,P53673,PF00030,13.0,96.0,14,96,0.988
CRBB1_HUMAN_Beltran_2025_PF00030_57,P53674,PF00030,61.0,142.0,57,143,1.0
TTC3_HUMAN_Beltran_2025_PF13639_1957,P53804,PF13639,1956.0,1997.0,1957,1997,0.976
PMS1_HUMAN_Beltran_2025_PF00505_572,P54277,PF00505,571.0,637.0,572,637,0.985
RD23B_HUMAN_Beltran_2025_PF00627_186,P54727,PF00627,190.0,225.0,186,230,1.0
RD23B_HUMAN_Beltran_2025_PF00627_361,P54727,PF00627,367.0,401.0,361,405,1.0
PRRX1_HUMAN_Beltran_2025_PF00046_96,P54821,PF00046,95.0,151.0,96,151,0.982
TERA_HUMAN_Beltran_2025_PF02359_26,P55072,PF02359,25.0,106.0,26,106,0.988
DSRAD_HUMAN_Beltran_2025_PF02295_136,P55265,PF02295,135.0,200.0,136,200,0.985
DSRAD_HUMAN_Beltran_2025_PF02295_296,P55265,PF02295,295.0,358.0,296,358,0.984
RAG2_HUMAN_Beltran_2025_PF13341_415,P55895,PF13341,414.0,491.0,415,491,0.987
GSC_HUMAN_Beltran_2025_PF00046_162,P56915,PF00046,161.0,217.0,162,217,0.982
SOX8_HUMAN_Beltran_2025_PF00505_103,P57073,PF00505,102.0,170.0,103,170,0.986
ELOF1_HUMAN_Beltran_2025_PF05129_3,P60002,PF05129,2.0,80.0,3,79,0.975
NANO2_HUMAN_Beltran_2025_PF05741_63,P60321,PF05741,63.0,115.0,63,115,1.0
CKS1_HUMAN_Beltran_2025_PF01111_1,P61024,PF01111,6.0,72.0,1,79,1.0
UBE2K_HUMAN_Beltran_2025_PF00627_158,P61086,PF00627,161.0,197.0,158,200,1.0
UFM1_HUMAN_Beltran_2025_PF03671_4,P61960,PF03671,3.0,77.0,4,77,0.987
HNRPK_HUMAN_Beltran_2025_PF00013_385,P61978,PF00013,389.0,452.0,385,458,1.0
GRB2_HUMAN_Beltran_2025_PF00018_159,P62993,PF00018,162.0,206.0,159,214,1.0
YBOX1_HUMAN_Beltran_2025_PF00313_52,P67809,PF00313,61.0,127.0,52,142,1.0
DLG4_HUMAN_Beltran_2025_PF00595_157,P78352,PF00595,161.0,243.0,157,246,1.0
DLG4_HUMAN_Beltran_2025_PF00595_157,P78352,PF10600,245.0,312.0,157,246,0.029
DLG4_HUMAN_Beltran_2025_PF00595_309,P78352,PF00595,314.0,388.0,309,396,1.0
DLG4_HUMAN_Beltran_2025_PF00595_309,P78352,PF10600,245.0,312.0,309,396,0.059
DLG4_HUMAN_Beltran_2025_PF00595_60,P78352,PF00595,65.0,149.0,60,153,1.0
DLG4_HUMAN_Beltran_2025_PF00595_60,P78352,PF10608,31.0,64.0,60,153,0.147
PO6F2_HUMAN_Beltran_2025_PF00046_609,P78424,PF00046,608.0,663.0,609,663,0.982
ELF3_HUMAN_Beltran_2025_PF02198_50,P78545,PF02198,49.0,131.0,50,131,0.988
RED1_HUMAN_Beltran_2025_PF00035_80,P78563,PF00035,79.0,140.0,80,140,0.984
SARNP_HUMAN_Beltran_2025_PF02037_3,P82979,PF02037,8.0,43.0,3,47,1.0
RBM10_HUMAN_Beltran_2025_PF00641_214,P98175,PF00641,215.0,241.0,214,241,1.0
RBM10_HUMAN_Beltran_2025_PF00641_216,P98175,PF00641,215.0,241.0,216,241,0.963
HNRPU_HUMAN_Beltran_2025_PF02037_6,Q00839,PF02037,8.0,42.0,6,46,1.0
MDM2_HUMAN_Beltran_2025_PF00641_299,Q00987,PF00641,300.0,327.0,299,327,1.0
ANK2_HUMAN_Beltran_2025_PF00531_3571,Q01484,PF00531,3571.0,3651.0,3571,3650,0.988
FLI1_HUMAN_Beltran_2025_PF02198_116,Q01543,PF02198,115.0,197.0,116,197,0.988
SATB1_HUMAN_Beltran_2025_PF02376_371,Q01826,PF02376,371.0,445.0,371,445,1.0
SATB1_HUMAN_Beltran_2025_PF02376_494,Q01826,PF02376,494.0,567.0,494,567,1.0
SATB1_HUMAN_Beltran_2025_PF16557_178,Q01826,PF16557,177.0,247.0,178,247,0.986
PO4F1_HUMAN_Beltran_2025_PF00157_266,Q01851,PF00157,264.0,337.0,266,347,0.973
PO5F1_HUMAN_Beltran_2025_PF00157_134,Q01860,PF00157,143.0,212.0,134,212,1.0
PO3F1_HUMAN_Beltran_2025_PF00157_247,Q03052,PF00157,252.0,321.0,247,324,1.0
KMT2A_HUMAN_Beltran_2025_PF02008_1148,Q03164,PF02008,1148.0,1194.0,1148,1194,1.0
PPARD_HUMAN_Beltran_2025_PF00105_71,Q03181,PF00105,73.0,139.0,71,145,1.0
SRY_HUMAN_Beltran_2025_PF00505_61,Q05066,PF00505,60.0,128.0,61,128,0.986
UBE3A_HUMAN_Beltran_2025_PF16558_30,Q05086,PF16558,29.0,83.0,30,86,0.982
MAD1_HUMAN_Beltran_2025_PF00010_58,Q05195,PF00010,58.0,109.0,58,109,1.0
KPCD_HUMAN_Beltran_2025_PF00130_228,Q05655,PF00130,231.0,282.0,228,282,1.0
BTK_HUMAN_Beltran_2025_PF00018_215,Q06187,PF00018,220.0,266.0,215,273,1.0
GABPA_HUMAN_Beltran_2025_PF02198_172,Q06546,PF02198,171.0,250.0,172,250,0.988
FMR1_HUMAN_Beltran_2025_PF00013_217,Q06787,PF00013,221.0,278.0,217,282,1.0
SOX4_HUMAN_Beltran_2025_PF00505_60,Q06945,PF00505,59.0,127.0,60,127,0.986
ITK_HUMAN_Beltran_2025_PF00018_172,Q08881,PF00018,177.0,223.0,172,230,1.0
EP300_HUMAN_Beltran_2025_PF02172_567,Q09472,PF02172,567.0,646.0,567,650,1.0
SNF5_HUMAN_Beltran_2025_PF04855_181,Q12824,PF04855,180.0,373.0,181,248,0.351
BPTF_HUMAN_Beltran_2025_PF00628_2862,Q12830,PF00628,2870.0,2915.0,2862,2918,1.0
PO4F2_HUMAN_Beltran_2025_PF00157_256,Q12837,PF00157,255.0,327.0,256,327,0.986
CHD3_HUMAN_Beltran_2025_PF00628_374,Q12873,PF00628,382.0,423.0,374,426,1.0
TRI26_HUMAN_Beltran_2025_PF00643_97,Q12899,PF00643,98.0,136.0,97,140,1.0
EPS8_HUMAN_Beltran_2025_PF00018_533,Q12929,PF00018,539.0,581.0,533,590,1.0
EPS8_HUMAN_Beltran_2025_PF18016_720,Q12929,PF18016,719.0,778.0,720,778,0.983
ANK3_HUMAN_Beltran_2025_PF00531_4094,Q12955,PF00531,4093.0,4171.0,4094,4171,0.987
MYO1E_HUMAN_Beltran_2025_PF00018_1051,Q12965,PF00018,1057.0,1101.0,1051,1108,1.0
TIAM1_HUMAN_Beltran_2025_PF00595_843,Q13009,PF00595,856.0,918.0,843,926,1.0
TADBP_HUMAN_Beltran_2025_PF18694_5,Q13148,PF18694,4.0,76.0,5,76,0.986
FADD_HUMAN_Beltran_2025_PF01335_1,Q13158,PF01335,4.0,83.0,1,86,1.0
MP2K5_HUMAN_Beltran_2025_PF00564_15,Q13163,PF00564,19.0,95.0,15,109,1.0
TIF1B_HUMAN_Beltran_2025_PF00628_620,Q13263,PF00628,628.0,669.0,620,671,1.0
MPP3_HUMAN_Beltran_2025_PF00595_132,Q13368,PF00595,140.0,214.0,132,220,1.0
SNTA1_HUMAN_Beltran_2025_PF00595_79,Q13424,PF00595,88.0,166.0,79,171,1.0
TOP3A_HUMAN_Beltran_2025_PF06839_812,Q13472,PF06839,811.0,851.0,812,851,0.976
TOP3A_HUMAN_Beltran_2025_PF06839_896,Q13472,PF06839,896.0,939.0,896,938,0.977
SQSTM_HUMAN_Beltran_2025_PF00569_120,Q13501,PF00569,123.0,159.0,120,171,1.0
SQSTM_HUMAN_Beltran_2025_PF16577_389,Q13501,PF16577,379.0,440.0,389,440,0.839
PIN1_HUMAN_Beltran_2025_PF00397_1,Q13526,PF00397,7.0,37.0,1,40,1.0
FHL1_HUMAN_Beltran_2025_PF00412_160,Q13642,PF00412,162.0,214.0,160,215,1.0
FHL1_HUMAN_Beltran_2025_PF00412_99,Q13642,PF00412,101.0,158.0,99,158,1.0
SPTN1_HUMAN_Beltran_2025_PF13499_2327,Q13813,PF13499,2330.0,2395.0,2327,2399,1.0
SAFB2_HUMAN_Beltran_2025_PF02037_27,Q14151,PF02037,30.0,64.0,27,70,1.0
SCRIB_HUMAN_Beltran_2025_PF00595_857,Q14160,PF00595,868.0,946.0,857,953,1.0
FHL2_HUMAN_Beltran_2025_PF00412_38,Q14192,PF00412,40.0,96.0,38,97,1.0
ZMYM3_HUMAN_Beltran_2025_PF06467_350,Q14202,PF06467,348.0,389.0,350,394,0.952
ZMYM3_HUMAN_Beltran_2025_PF06467_405,Q14202,PF06467,404.0,440.0,405,444,0.973
ZMYM3_HUMAN_Beltran_2025_PF06467_589,Q14202,PF06467,587.0,623.0,589,627,0.946
ZMYM3_HUMAN_Beltran_2025_PF06467_629,Q14202,PF06467,628.0,664.0,629,668,0.973
CHD4_HUMAN_Beltran_2025_PF00385_623,Q14839,PF00385,624.0,673.0,623,675,1.0
CHD4_HUMAN_Beltran_2025_PF00628_365,Q14839,PF00628,373.0,414.0,365,417,1.0
CHD4_HUMAN_Beltran_2025_PF00628_444,Q14839,PF00628,452.0,493.0,444,496,1.0
NR1D2_HUMAN_Beltran_2025_PF00105_103,Q14995,PF00105,102.0,171.0,103,171,0.986
FRPD4_HUMAN_Beltran_2025_PF00595_75,Q14CM0,PF00595,86.0,151.0,75,154,1.0
UBX2B_HUMAN_Beltran_2025_PF00789_256,Q14CS0,PF00789,255.0,329.0,256,329,0.987
PO4F3_HUMAN_Beltran_2025_PF00157_185,Q15319,PF00157,184.0,256.0,185,256,0.986
PCBP1_HUMAN_Beltran_2025_PF00013_278,Q15365,PF00013,281.0,344.0,278,350,1.0
SAFB1_HUMAN_Beltran_2025_PF02037_26,Q15424,PF02037,31.0,66.0,26,80,1.0
SIX1_HUMAN_Beltran_2025_PF00046_131,Q15475,PF05920,145.0,178.0,131,180,1.0
TERF2_HUMAN_Beltran_2025_PF00249_489,Q15554,PF00249,489.0,536.0,489,542,1.0
ALX1_HUMAN_Beltran_2025_PF00046_134,Q15699,PF00046,133.0,189.0,134,189,0.982
ITSN1_HUMAN_Beltran_2025_PF00018_1003,Q15811,PF00018,1008.0,1052.0,1003,1059,1.0
ITSN1_HUMAN_Beltran_2025_PF00018_1156,Q15811,PF00018,1163.0,1206.0,1156,1213,1.0
ITSN1_HUMAN_Beltran_2025_PF00018_909,Q15811,PF00018,919.0,963.0,909,971,1.0
ITSN1_HUMAN_Beltran_2025_PF00018_909,Q15811,PF16617,803.0,917.0,909,971,0.078
ITSN1_HUMAN_Beltran_2025_PF07653_1003,Q15811,PF00018,1008.0,1052.0,1003,1059,1.0
ZFHX3_HUMAN_Beltran_2025_PF00046_2147,Q15911,PF00046,2146.0,2202.0,2147,2202,0.982
ZFHX3_HUMAN_Beltran_2025_PF00046_2244,Q15911,PF00046,2243.0,2299.0,2244,2299,0.982
ZFHX3_HUMAN_Beltran_2025_PF00046_2643,Q15911,PF00046,2642.0,2698.0,2643,2698,0.982
ZYX_HUMAN_Beltran_2025_PF00412_504,Q15942,PF00412,504.0,568.0,504,570,1.0
PKN1_HUMAN_Beltran_2025_PF02185_129,Q16512,PF02185,128.0,193.0,129,189,0.924
HNRL2_HUMAN_Beltran_2025_PF02037_1,Q1KMD3,PF02037,3.0,37.0,1,40,1.0
LIN41_HUMAN_Beltran_2025_PF00643_274,Q2Q1W2,PF00643,276.0,312.0,274,316,1.0
DJC21_HUMAN_Beltran_2025_PF12171_315,Q5F1R6,PF12171,314.0,339.0,315,339,0.962
SH319_HUMAN_Beltran_2025_PF00018_664,Q5HYK7,PF00018,668.0,712.0,664,719,1.0
SAMD9_HUMAN_Beltran_2025_PF07647_4,Q5K651,PF00536,12.0,67.0,4,76,1.0
VAX1_HUMAN_Beltran_2025_PF00046_102,Q5SQQ9,PF00046,101.0,157.0,102,157,0.982
MAGI3_HUMAN_Beltran_2025_PF00397_287,Q5TCQ9,PF00397,295.0,324.0,287,329,1.0
MEX3C_HUMAN_Beltran_2025_PF00013_325,Q5U5Q3,PF00013,328.0,388.0,325,391,1.0
GFI1B_HUMAN_Beltran_2025_PF00096_221,Q5VTD9,PF00096,220.0,242.0,221,242,0.957
MYSM1_HUMAN_Beltran_2025_PF00249_120,Q5VVJ2,PF00249,119.0,162.0,120,162,0.977
TCRGL_HUMAN_Beltran_2025_PF01846_448,Q5VWI1,PF01846,455.0,500.0,448,504,1.0
SNTA1_MOUSE_Beltran_2025_PF00595_80,Q61234,PF00595,82.0,160.0,80,164,1.0
ARID2_HUMAN_Beltran_2025_PF02257_523,Q68CP9,PF02257,522.0,602.0,523,602,0.988
ANKS6_HUMAN_Beltran_2025_PF00536_774,Q68DC2,PF00536,782.0,833.0,774,836,1.0
PR40B_HUMAN_Beltran_2025_PF01846_274,Q6NWY9,PF01846,278.0,327.0,274,332,1.0
DNMBP_HUMAN_Beltran_2025_PF00018_146,Q6XZF7,PF14604,158.0,200.0,146,206,1.0
DNMBP_HUMAN_Beltran_2025_PF00018_1516,Q6XZF7,PF07653,1521.0,1572.0,1516,1574,1.0
DNMBP_HUMAN_Beltran_2025_PF00018_242,Q6XZF7,PF00018,249.0,293.0,242,304,1.0
DNMBP_HUMAN_Beltran_2025_PF14604_147,Q6XZF7,PF14604,158.0,200.0,147,205,1.0
MASTR_HUMAN_Beltran_2025_PF02037_170,Q6ZN01,PF02037,172.0,201.0,170,204,1.0
ARK2C_HUMAN_Beltran_2025_PF13639_293,Q6ZSG1,PF13639,293.0,335.0,293,335,1.0
STOX1_HUMAN_Beltran_2025_PF10264_112,Q6ZVD7,PF10264,111.0,189.0,112,189,0.987
STXB4_HUMAN_Beltran_2025_PF00397_493,Q6ZWJ1,PF00397,498.0,527.0,493,538,1.0
MCM10_HUMAN_Beltran_2025_PF09329_383,Q7L590,PF09329,382.0,427.0,383,427,0.978
ZFY16_HUMAN_Beltran_2025_PF01363_744,Q7Z3T8,PF01363,743.0,805.0,744,805,0.984
LIMS2_HUMAN_Beltran_2025_PF00412_13,Q7Z4I7,PF00412,15.0,71.0,13,71,1.0
CPEB2_HUMAN_Beltran_2025_PF16366_513,Q7Z5Q1,PF16366,513.0,575.0,513,575,1.0
SRGP1_HUMAN_Beltran_2025_PF00018_744,Q7Z6B7,PF00018,749.0,794.0,744,801,1.0
ANS1B_HUMAN_Beltran_2025_PF00536_812,Q7Z6G8,PF00536,811.0,873.0,812,873,0.984
DNJB7_HUMAN_Beltran_2025_PF00226_3,Q7Z6W7,PF00226,3.0,66.0,3,66,1.0
HUWE1_HUMAN_Beltran_2025_PF00627_1316,Q7Z6Z7,PF22562,1318.0,1356.0,1316,1356,1.0
PB1_HUMAN_Beltran_2025_PF00505_1383,Q86U86,PF00505,1382.0,1443.0,1383,1444,0.984
MAGI2_HUMAN_Beltran_2025_PF00397_296,Q86UL8,PF00397,304.0,333.0,296,340,1.0
MAGI2_HUMAN_Beltran_2025_PF00595_1144,Q86UL8,PF00595,1148.0,1225.0,1144,1227,1.0
MAGI2_HUMAN_Beltran_2025_PF00595_601,Q86UL8,PF00595,608.0,669.0,601,682,1.0
MAGI2_HUMAN_Beltran_2025_PF00595_774,Q86UL8,PF00595,781.0,858.0,774,861,1.0
ZFHX4_HUMAN_Beltran_2025_PF00046_2086,Q86UP3,PF00046,2085.0,2141.0,2086,2141,0.982
ZFHX4_HUMAN_Beltran_2025_PF00046_2183,Q86UP3,PF00046,2182.0,2238.0,2183,2238,0.982
ZFHX4_HUMAN_Beltran_2025_PF00046_2562,Q86UP3,PF00046,2561.0,2617.0,2562,2617,0.982
TAXB1_HUMAN_Beltran_2025_PF18112_729,Q86VP1,PF18112,728.0,754.0,729,754,0.963
FCSD1_HUMAN_Beltran_2025_PF14604_467,Q86WN1,PF14604,475.0,524.0,467,528,1.0
FBX11_HUMAN_Beltran_2025_PF02207_849,Q86XK2,PF02207,848.0,894.0,849,894,0.979
MEX3D_HUMAN_Beltran_2025_PF00013_273,Q86XN8,PF00013,275.0,335.0,273,340,1.0
MIB1_HUMAN_Beltran_2025_PF18346_247,Q86YT6,PF18346,247.0,311.0,247,311,1.0
ERI1_HUMAN_Beltran_2025_PF02037_65,Q8IV48,PF02037,76.0,111.0,65,114,1.0
Z3H7A_HUMAN_Beltran_2025_PF00642_906,Q8IWR0,PF00642,905.0,926.0,906,926,0.955
CUL9_HUMAN_Beltran_2025_PF01485_2234,Q8IWT3,PF22191,2234.0,2272.0,2234,2275,1.0
CUL9_HUMAN_Beltran_2025_PF11515_367,Q8IWT3,PF11515,366.0,439.0,367,439,0.986
CCAR1_HUMAN_Beltran_2025_PF02037_625,Q8IX12,PF02037,636.0,670.0,625,674,1.0
ZZZ3_HUMAN_Beltran_2025_PF00249_653,Q8IYH5,PF00249,655.0,703.0,653,716,1.0
MYCD_HUMAN_Beltran_2025_PF02037_363,Q8IZQ8,PF02037,371.0,404.0,363,406,1.0
ASPM_HUMAN_Beltran_2025_PF00612_1877,Q8IZT6,PF00612,1876.0,1895.0,1877,1895,0.95
AHI1_HUMAN_Beltran_2025_PF00018_1053,Q8N157,PF00018,1057.0,1103.0,1053,1109,1.0
CRBG2_HUMAN_Beltran_2025_PF00030_1358,Q8N1P7,PF00030,1357.0,1435.0,1358,1435,0.987
ARG28_HUMAN_Beltran_2025_PF00130_651,Q8N1W1,PF00130,653.0,700.0,651,700,1.0
FNBP4_HUMAN_Beltran_2025_PF00397_200,Q8N3X1,PF00397,219.0,246.0,200,261,1.0
FNBP4_HUMAN_Beltran_2025_PF00397_593,Q8N3X1,PF00397,598.0,627.0,593,636,1.0
TAB3_HUMAN_Beltran_2025_PF02845_12,Q8N5C8,PF02845,11.0,50.0,12,50,0.975
TEANC_HUMAN_Beltran_2025_PF08711_30,Q8N8B7,PF08711,29.0,77.0,30,77,0.98
KDM1B_HUMAN_Beltran_2025_PF07496_139,Q8NB78,PF07496,138.0,190.0,139,190,0.981
LS14A_HUMAN_Beltran_2025_PF12701_7,Q8ND56,PF12701,6.0,80.0,7,79,0.973
GLIS3_HUMAN_Beltran_2025_PF00096_414,Q8NEA6,PF00096,413.0,436.0,414,436,0.958
GLIS3_HUMAN_Beltran_2025_PF00096_473,Q8NEA6,PF00096,472.0,496.0,473,496,0.96
FBX22_HUMAN_Beltran_2025_PF00646_25,Q8NEZ5,PF00646,28.0,61.0,25,64,1.0
DMBX1_HUMAN_Beltran_2025_PF00046_73,Q8NFW5,PF00046,72.0,128.0,73,128,0.982
KDM2B_HUMAN_Beltran_2025_PF16866_656,Q8NHM5,PF16866,656.0,722.0,656,722,1.0
SMRC2_HUMAN_Beltran_2025_PF00249_599,Q8TAQ2,PF00249,600.0,641.0,599,641,1.0
NEIL3_HUMAN_Beltran_2025_PF00641_316,Q8TAT5,PF00641,317.0,345.0,316,345,1.0
SP7_HUMAN_Beltran_2025_PF00096_325,Q8TDD2,PF00096,324.0,348.0,325,348,0.96
CHD5_HUMAN_Beltran_2025_PF00628_338,Q8TDI0,PF00628,346.0,387.0,338,390,1.0
CHD5_HUMAN_Beltran_2025_PF00628_411,Q8TDI0,PF00628,419.0,460.0,411,463,1.0
CHD5_HUMAN_Beltran_2025_PF08073_132,Q8TDI0,PF08073,150.0,200.0,132,200,1.0
PARD3_HUMAN_Beltran_2025_PF00595_457,Q8TEW0,PF00595,462.0,544.0,457,549,1.0
PAR3L_HUMAN_Beltran_2025_PF00595_380,Q8TEW8,PF00595,384.0,466.0,380,468,1.0
ZC3HF_HUMAN_Beltran_2025_PF18044_104,Q8WU90,PF00642,100.0,124.0,104,124,0.84
ASZ1_HUMAN_Beltran_2025_PF07647_273,Q8WWH4,PF07647,272.0,334.0,273,334,0.984
CNKR2_HUMAN_Beltran_2025_PF00536_9,Q8WXI2,PF00536,9.0,71.0,9,71,1.0
P66B_HUMAN_Beltran_2025_PF00320_415,Q8WXI9,PF00320,420.0,454.0,415,455,1.0
TFG_HUMAN_Beltran_2025_PF00564_6,Q92734,PF00564,13.0,91.0,6,92,1.0
DLG3_HUMAN_Beltran_2025_PF00595_222,Q92796,PF00595,227.0,309.0,222,312,1.0
DLG3_HUMAN_Beltran_2025_PF00595_222,Q92796,PF10600,311.0,385.0,222,312,0.027
DLG3_HUMAN_Beltran_2025_PF00595_383,Q92796,PF00595,387.0,463.0,383,467,1.0
DLG3_HUMAN_Beltran_2025_PF00595_383,Q92796,PF10600,311.0,385.0,383,467,0.04
SMRC1_HUMAN_Beltran_2025_PF00249_620,Q92922,PF00249,622.0,663.0,620,663,1.0
FUBP2_HUMAN_Beltran_2025_PF00013_142,Q92945,PF00013,146.0,209.0,142,214,1.0
DVL3_HUMAN_Beltran_2025_PF00778_2,Q92997,PF00778,3.0,78.0,2,81,1.0
SMCE1_HUMAN_Beltran_2025_PF00505_67,Q969G3,PF00505,66.0,133.0,67,133,0.985
MRTFA_HUMAN_Beltran_2025_PF02037_341,Q969V6,PF02037,347.0,380.0,341,383,1.0
FUBP1_HUMAN_Beltran_2025_PF00013_184,Q96AE4,PF00013,188.0,253.0,184,257,1.0
FUBP1_HUMAN_Beltran_2025_PF00013_98,Q96AE4,PF00013,102.0,165.0,98,169,1.0
INT12_HUMAN_Beltran_2025_PF00628_155,Q96CB8,PF00628,162.0,212.0,155,213,1.0
TRI44_HUMAN_Beltran_2025_PF00643_174,Q96DX7,PF00643,176.0,214.0,174,218,1.0
DPH3_HUMAN_Beltran_2025_PF05207_6,Q96FX2,PF05207,6.0,60.0,6,60,1.0
CALL4_HUMAN_Beltran_2025_PF13499_123,Q96GE6,PF13499,133.0,188.0,123,191,1.0
TOE1_HUMAN_Beltran_2025_PF00642_298,Q96GM8,PF00642,297.0,320.0,298,320,0.958
FUBP3_HUMAN_Beltran_2025_PF00013_75,Q96I24,PF00013,79.0,141.0,75,150,1.0
ITCH_HUMAN_Beltran_2025_PF00397_428,Q96J02,PF00397,440.0,469.0,428,477,1.0
ITCH_HUMAN_Beltran_2025_PF00397_474,Q96J02,PF00397,480.0,509.0,474,527,1.0
LCOR_HUMAN_Beltran_2025_PF05225_353,Q96JN0,PF05225,352.0,394.0,353,394,0.977
MAEL_HUMAN_Beltran_2025_PF09011_3,Q96JY0,PF09011,2.0,71.0,3,71,0.986
PDLI2_HUMAN_Beltran_2025_PF00412_284,Q96JY6,PF00412,286.0,338.0,284,339,1.0
ZC3HA_HUMAN_Beltran_2025_PF00642_138,Q96K80,PF00642,137.0,159.0,138,159,0.957
DNJC1_HUMAN_Beltran_2025_PF00249_494,Q96KC8,PF23082,496.0,545.0,494,544,0.98
KI16B_HUMAN_Beltran_2025_PF00787_1213,Q96L93,PF00787,1213.0,1272.0,1213,1273,1.0
NED4L_HUMAN_Beltran_2025_PF00397_184,Q96PU5,PF00397,195.0,224.0,184,232,1.0
NED4L_HUMAN_Beltran_2025_PF00397_381,Q96PU5,PF00397,387.0,416.0,381,424,1.0
NED4L_HUMAN_Beltran_2025_PF00397_539,Q96PU5,PF00397,550.0,579.0,539,589,1.0
ARX_HUMAN_Beltran_2025_PF00046_330,Q96QS3,PF00046,329.0,385.0,330,385,0.982
MAGI1_HUMAN_Beltran_2025_PF00397_294,Q96QZ7,PF00397,302.0,331.0,294,339,1.0
MAGI1_HUMAN_Beltran_2025_PF00397_352,Q96QZ7,PF00397,361.0,390.0,352,401,1.0
ERBIN_HUMAN_Beltran_2025_PF00595_1321,Q96RT1,PF00595,1328.0,1406.0,1321,1410,1.0
RUFY1_HUMAN_Beltran_2025_PF01363_639,Q96T51,PF01363,639.0,698.0,639,698,1.0
GA2L1_HUMAN_Beltran_2025_PF02187_209,Q99501,PF02187,208.0,276.0,209,276,0.986
DNJC2_HUMAN_Beltran_2025_PF00249_451,Q99543,PF23082,452.0,519.0,451,503,0.765
DNJC7_HUMAN_Beltran_2025_PF00226_382,Q99615,PF00226,381.0,448.0,382,448,0.985
GFI1_HUMAN_Beltran_2025_PF00096_256,Q99684,PF00096,255.0,278.0,256,278,0.958
GFI1_HUMAN_Beltran_2025_PF00096_313,Q99684,PF00096,312.0,334.0,313,334,0.957
DIDO1_HUMAN_Beltran_2025_PF00628_263,Q9BTC0,PF00628,271.0,319.0,263,321,1.0
MTA3_HUMAN_Beltran_2025_PF00249_265,Q9BTC8,PF00249,269.0,314.0,265,317,1.0
HNRL1_HUMAN_Beltran_2025_PF02037_1,Q9BUJ2,PF02037,3.0,38.0,1,42,1.0
RN126_HUMAN_Beltran_2025_PF14369_11,Q9BV68,PF14369,10.0,40.0,11,40,0.968
PACN1_HUMAN_Beltran_2025_PF14604_387,Q9BY11,PF14604,392.0,442.0,387,444,1.0
SETD2_HUMAN_Beltran_2025_PF00397_2382,Q9BYW2,PF00397,2391.0,2420.0,2382,2430,1.0
GSX2_HUMAN_Beltran_2025_PF00046_204,Q9BZM3,PF00046,203.0,259.0,204,259,0.982
TRIM6_HUMAN_Beltran_2025_PF00643_93,Q9C030,PF00643,95.0,130.0,93,134,1.0
ZFHX2_HUMAN_Beltran_2025_PF00046_1859,Q9C0A1,PF00046,1858.0,1914.0,1859,1914,0.982
WWTR1_HUMAN_Beltran_2025_PF00397_116,Q9GZV5,PF00397,126.0,155.0,116,162,1.0
MKRN2_HUMAN_Beltran_2025_PF00642_37,Q9H000,PF00642,36.0,55.0,37,55,0.95
RNF32_HUMAN_Beltran_2025_PF00612_189,Q9H0A6,PF00612,188.0,207.0,189,207,0.95
WWP1_HUMAN_Beltran_2025_PF00397_343,Q9H0M0,PF00397,351.0,380.0,343,390,1.0
WWP1_HUMAN_Beltran_2025_PF00397_343,Q9H0M0,PF00397,383.0,412.0,343,390,0.267
ALX4_HUMAN_Beltran_2025_PF00046_216,Q9H161,PF00046,215.0,271.0,216,271,0.982
ADNP_HUMAN_Beltran_2025_PF00046_770,Q9H2P0,PF00046,769.0,810.0,770,810,0.976
UBQL3_HUMAN_Beltran_2025_PF00627_613,Q9H347,PF00627,619.0,652.0,613,655,1.0
P63_HUMAN_Beltran_2025_PF07647_545,Q9H3D4,PF07647,541.0,604.0,545,610,0.938
DNJC5_HUMAN_Beltran_2025_PF00226_16,Q9H3Z4,PF00226,16.0,77.0,16,77,1.0
WNK1_HUMAN_Beltran_2025_PF12202_481,Q9H4A3,PF12202,500.0,563.0,481,568,1.0
SOX17_HUMAN_Beltran_2025_PF00505_69,Q9H6I2,PF00505,69.0,136.0,69,136,1.0
TDRD3_HUMAN_Beltran_2025_PF00567_554,Q9H7E2,PF00567,554.0,611.0,554,611,1.0
ZN408_HUMAN_Beltran_2025_PF00096_383,Q9H9D4,PF00096,381.0,403.0,383,403,0.913
KANL2_HUMAN_Beltran_2025_PF13891_28,Q9H9L4,PF13891,28.0,91.0,28,91,1.0
ZMAT3_HUMAN_Beltran_2025_PF12171_246,Q9HA38,PF12171,245.0,271.0,246,271,0.963
SMUF2_HUMAN_Beltran_2025_PF00397_150,Q9HAU4,PF00397,159.0,188.0,150,198,1.0
PRD16_HUMAN_Beltran_2025_PF00096_282,Q9HAZ2,PF00096,281.0,303.0,282,303,0.957
ZBT20_HUMAN_Beltran_2025_PF00096_635,Q9HC78,PF00096,634.0,656.0,635,656,0.957
ZBT20_HUMAN_Beltran_2025_PF00096_663,Q9HC78,PF00096,662.0,684.0,663,684,0.957
ZBT20_HUMAN_Beltran_2025_PF00096_716,Q9HC78,PF00096,715.0,737.0,716,737,0.957
HM20A_HUMAN_Beltran_2025_PF00505_104,Q9NP66,PF00505,103.0,170.0,104,170,0.985
CABP2_HUMAN_Beltran_2025_PF13499_155,Q9NPB3,PF13499,156.0,219.0,155,219,1.0
SIX2_HUMAN_Beltran_2025_PF00046_131,Q9NPC8,PF00046,130.0,180.0,131,180,0.98
TRI36_HUMAN_Beltran_2025_PF00643_208,Q9NQ86,PF00643,210.0,248.0,208,252,1.0
PRDM8_HUMAN_Beltran_2025_PF00096_668,Q9NQV8,PF13894,667.0,688.0,668,688,0.955
PRDM5_HUMAN_Beltran_2025_PF00096_433,Q9NQX1,PF00096,432.0,455.0,433,455,0.958
SALL1_HUMAN_Beltran_2025_PF00096_1030,Q9NSC2,PF00096,1029.0,1051.0,1030,1051,0.957
ZFP57_HUMAN_Beltran_2025_PF00096_176,Q9NU63,PF00096,175.0,197.0,176,197,0.957
TRM13_HUMAN_Beltran_2025_PF11722_18,Q9NUP7,PF11722,17.0,45.0,18,45,0.966
FANCL_HUMAN_Beltran_2025_PF11793_305,Q9NW38,PF11793,304.0,371.0,305,371,0.985
SLTM_HUMAN_Beltran_2025_PF02037_19,Q9NWH9,PF02037,22.0,57.0,19,68,1.0
M3K20_HUMAN_Beltran_2025_PF00536_330,Q9NYL2,PF07647,359.0,407.0,330,413,1.0
WSB2_HUMAN_Beltran_2025_PF07525_369,Q9NYS7,PF07525,368.0,400.0,369,401,0.97
ITSN2_HUMAN_Beltran_2025_PF14604_1129,Q9NZM3,PF14604,1134.0,1182.0,1129,1183,1.0
KCMF1_HUMAN_Beltran_2025_PF05605_76,Q9P0J7,PF05605,76.0,137.0,76,137,1.0
CHD7_HUMAN_Beltran_2025_PF07533_2564,Q9P2D1,PF07533,2563.0,2604.0,2564,2605,0.976
STOX2_HUMAN_Beltran_2025_PF10264_64,Q9P2F5,PF10264,63.0,141.0,64,141,0.987
RCOR3_HUMAN_Beltran_2025_PF00249_87,Q9P2K3,PF00249,88.0,131.0,87,134,1.0
HECW2_HUMAN_Beltran_2025_PF00397_800,Q9P2P5,PF00397,809.0,838.0,800,844,1.0
RERE_HUMAN_Beltran_2025_PF00320_502,Q9P2R6,PF00320,507.0,541.0,502,543,1.0
RBX2_HUMAN_Beltran_2025_PF12678_48,Q9UBF6,PF12678,48.0,103.0,48,103,1.0
DJB11_HUMAN_Beltran_2025_PF00226_25,Q9UBS4,PF00226,25.0,87.0,25,87,1.0
ZMYM2_HUMAN_Beltran_2025_PF06467_463,Q9UBW7,PF06467,462.0,502.0,463,506,0.976
HESX1_HUMAN_Beltran_2025_PF00046_110,Q9UBX0,PF00046,109.0,165.0,110,165,0.982
ZO2_HUMAN_Beltran_2025_PF00595_26,Q9UDY2,PF00595,33.0,116.0,26,121,1.0
ZO2_HUMAN_Beltran_2025_PF00595_509,Q9UDY2,PF00595,516.0,584.0,509,603,1.0
RLP24_HUMAN_Beltran_2025_PF01246_2,Q9UHA3,PF01246,1.0,65.0,2,65,0.985
MKRN1_HUMAN_Beltran_2025_PF00642_89,Q9UHC7,PF00642,88.0,110.0,89,110,0.957
CIDEB_HUMAN_Beltran_2025_PF02017_36,Q9UHD4,PF02017,35.0,109.0,36,109,0.987
BAZ2B_HUMAN_Beltran_2025_PF00628_1927,Q9UIF8,PF00628,1934.0,1978.0,1927,1982,1.0
ZMYM5_HUMAN_Beltran_2025_PF06467_334,Q9UJ78,PF06467,334.0,369.0,334,373,1.0
SALL4_HUMAN_Beltran_2025_PF00096_383,Q9UJQ4,PF00096,382.0,404.0,383,404,0.957
SALL4_HUMAN_Beltran_2025_PF00096_627,Q9UJQ4,PF00096,626.0,648.0,627,648,0.957
SALL4_HUMAN_Beltran_2025_PF00096_899,Q9UJQ4,PF00096,898.0,920.0,899,920,0.957
TRIM1_HUMAN_Beltran_2025_PF00643_191,Q9UJV3,PF00643,193.0,232.0,191,235,1.0
PO2F3_HUMAN_Beltran_2025_PF00157_186,Q9UKI9,PF00157,187.0,257.0,186,260,1.0
RCOR1_HUMAN_Beltran_2025_PF00249_383,Q9UKL0,PF00249,385.0,428.0,383,446,1.0
PACN3_HUMAN_Beltran_2025_PF14604_365,Q9UKS6,PF14604,370.0,420.0,365,423,1.0
ELF5_HUMAN_Beltran_2025_PF02198_47,Q9UKW6,PF02198,47.0,128.0,47,129,1.0
ZHX1_HUMAN_Beltran_2025_PF18387_100,Q9UKY1,PF18387,99.0,149.0,100,149,0.98
BAG5_HUMAN_Beltran_2025_PF02179_280,Q9UL15,PF02179,279.0,348.0,280,348,0.986
NEB1_HUMAN_Beltran_2025_PF07647_987,Q9ULJ8,PF07647,986.0,1049.0,987,1049,0.984
SHRM4_HUMAN_Beltran_2025_PF00595_7,Q9ULL8,PF00595,15.0,87.0,7,92,1.0
HECD1_HUMAN_Beltran_2025_PF18410_1892,Q9ULT8,PF18410,1900.0,1959.0,1892,1959,1.0
ASC_HUMAN_Beltran_2025_PF00619_114,Q9ULZ3,PF00619,113.0,194.0,114,194,0.988
PACN2_HUMAN_Beltran_2025_PF00018_428,Q9UNF0,PF14604,433.0,483.0,428,486,1.0
PZRN3_HUMAN_Beltran_2025_PF00595_244,Q9UPQ7,PF00595,252.0,335.0,244,338,1.0
PZRN3_HUMAN_Beltran_2025_PF00595_414,Q9UPQ7,PF00595,424.0,499.0,414,503,1.0
SATB2_HUMAN_Beltran_2025_PF02376_358,Q9UPW6,PF02376,360.0,434.0,358,434,1.0
SATB2_HUMAN_Beltran_2025_PF02376_482,Q9UPW6,PF02376,481.0,556.0,482,556,0.987
ZN148_HUMAN_Beltran_2025_PF00096_172,Q9UQR1,PF00096,171.0,193.0,172,193,0.957
DMTF1_HUMAN_Beltran_2025_PF00249_226,Q9Y222,PF00249,225.0,265.0,226,265,0.976
ZFP30_HUMAN_Beltran_2025_PF00096_411,Q9Y2G7,PF00096,410.0,432.0,411,432,0.957
YBOX2_HUMAN_Beltran_2025_PF00313_86,Q9Y2T7,PF00313,96.0,162.0,86,177,1.0
GRIP1_HUMAN_Beltran_2025_PF00595_666,Q9Y3R0,PF00595,674.0,752.0,666,756,1.0
ZN711_HUMAN_Beltran_2025_PF00096_506,Q9Y462,PF00096,505.0,527.0,506,527,0.957
MTL5_HUMAN_Beltran_2025_PF03638_368,Q9Y4I5,PF03638,368.0,403.0,368,403,1.0
DTNA_HUMAN_Beltran_2025_PF00569_235,Q9Y4J8,PF00569,240.0,280.0,235,294,1.0
CD2AP_HUMAN_Beltran_2025_PF00018_271,Q9Y5K6,PF00018,276.0,321.0,271,331,1.0
CD2AP_HUMAN_Beltran_2025_PF14604_1,Q9Y5K6,PF14604,8.0,55.0,1,59,1.0
CD2AP_HUMAN_Beltran_2025_PF14604_109,Q9Y5K6,PF14604,115.0,163.0,109,169,1.0
NCOR2_HUMAN_Beltran_2025_PF00249_613,Q9Y618,PF00249,614.0,657.0,613,670,1.0
USH1C_HUMAN_Beltran_2025_PF00595_207,Q9Y6N9,PF00595,217.0,286.0,207,295,1.0
PCLO_HUMAN_Beltran_2025_PF05715_1058,Q9Y6V0,PF05715,1058.0,1115.0,1058,1114,0.983
